child_id,sentence_id,child_wav,child_path,imitation_wav,imitation_path,task
70,1,child_70_reading_01.wav,./audio/children/child_001/reading/child_70_reading_01.wav,child_70_sentence_01.wav,./audio/children/child_001/imitation/child_70_sentence_01.wav,reading_vs_imitation
70,2,child_70_reading_02.wav,./audio/children/child_001/reading/child_70_reading_02.wav,child_70_sentence_02.wav,./audio/children/child_001/imitation/child_70_sentence_02.wav,reading_vs_imitation
70,3,child_70_reading_03.wav,./audio/children/child_001/reading/child_70_reading_03.wav,child_70_sentence_03.wav,./audio/children/child_001/imitation/child_70_sentence_03.wav,reading_vs_imitation
70,4,child_70_reading_04.wav,./audio/children/child_001/reading/child_70_reading_04.wav,child_70_sentence_04.wav,./audio/children/child_001/imitation/child_70_sentence_04.wav,reading_vs_imitation
70,5,child_70_reading_05.wav,./audio/children/child_001/reading/child_70_reading_05.wav,child_70_sentence_05.wav,./audio/children/child_001/imitation/child_70_sentence_05.wav,reading_vs_imitation
70,6,child_70_reading_06.wav,./audio/children/child_001/reading/child_70_reading_06.wav,child_70_sentence_06.wav,./audio/children/child_001/imitation/child_70_sentence_06.wav,reading_vs_imitation
70,7,child_70_reading_07.wav,./audio/children/child_001/reading/child_70_reading_07.wav,child_70_sentence_07.wav,./audio/children/child_001/imitation/child_70_sentence_07.wav,reading_vs_imitation
70,8,child_70_reading_08.wav,./audio/children/child_001/reading/child_70_reading_08.wav,child_70_sentence_08.wav,./audio/children/child_001/imitation/child_70_sentence_08.wav,reading_vs_imitation
70,9,child_70_reading_09.wav,./audio/children/child_001/reading/child_70_reading_09.wav,child_70_sentence_09.wav,./audio/children/child_001/imitation/child_70_sentence_09.wav,reading_vs_imitation
70,10,child_70_reading_10.wav,./audio/children/child_001/reading/child_70_reading_10.wav,child_70_sentence_10.wav,./audio/children/child_001/imitation/child_70_sentence_10.wav,reading_vs_imitation
70,11,child_70_reading_11.wav,./audio/children/child_001/reading/child_70_reading_11.wav,child_70_sentence_11.wav,./audio/children/child_001/imitation/child_70_sentence_11.wav,reading_vs_imitation
70,12,child_70_reading_12.wav,./audio/children/child_001/reading/child_70_reading_12.wav,child_70_sentence_12.wav,./audio/children/child_001/imitation/child_70_sentence_12.wav,reading_vs_imitation
70,13,child_70_reading_13.wav,./audio/children/child_001/reading/child_70_reading_13.wav,child_70_sentence_13.wav,./audio/children/child_001/imitation/child_70_sentence_13.wav,reading_vs_imitation
70,14,child_70_reading_14.wav,./audio/children/child_001/reading/child_70_reading_14.wav,child_70_sentence_14.wav,./audio/children/child_001/imitation/child_70_sentence_14.wav,reading_vs_imitation
70,15,child_70_reading_15.wav,./audio/children/child_001/reading/child_70_reading_15.wav,child_70_sentence_15.wav,./audio/children/child_001/imitation/child_70_sentence_15.wav,reading_vs_imitation
70,16,child_70_reading_16.wav,./audio/children/child_001/reading/child_70_reading_16.wav,child_70_sentence_16.wav,./audio/children/child_001/imitation/child_70_sentence_16.wav,reading_vs_imitation
70,17,child_70_reading_17.wav,./audio/children/child_001/reading/child_70_reading_17.wav,child_70_sentence_17.wav,./audio/children/child_001/imitation/child_70_sentence_17.wav,reading_vs_imitation
70,18,child_70_reading_18.wav,./audio/children/child_001/reading/child_70_reading_18.wav,child_70_sentence_18.wav,./audio/children/child_001/imitation/child_70_sentence_18.wav,reading_vs_imitation
70,19,child_70_reading_19.wav,./audio/children/child_001/reading/child_70_reading_19.wav,child_70_sentence_19.wav,./audio/children/child_001/imitation/child_70_sentence_19.wav,reading_vs_imitation
70,20,child_70_reading_20.wav,./audio/children/child_001/reading/child_70_reading_20.wav,child_70_sentence_20.wav,./audio/children/child_001/imitation/child_70_sentence_20.wav,reading_vs_imitation
70,21,child_70_reading_21.wav,./audio/children/child_001/reading/child_70_reading_21.wav,child_70_sentence_21.wav,./audio/children/child_001/imitation/child_70_sentence_21.wav,reading_vs_imitation
70,22,child_70_reading_22.wav,./audio/children/child_001/reading/child_70_reading_22.wav,child_70_sentence_22.wav,./audio/children/child_001/imitation/child_70_sentence_22.wav,reading_vs_imitation
70,23,child_70_reading_23.wav,./audio/children/child_001/reading/child_70_reading_23.wav,child_70_sentence_23.wav,./audio/children/child_001/imitation/child_70_sentence_23.wav,reading_vs_imitation
70,24,child_70_reading_24.wav,./audio/children/child_001/reading/child_70_reading_24.wav,child_70_sentence_24.wav,./audio/children/child_001/imitation/child_70_sentence_24.wav,reading_vs_imitation
70,25,child_70_reading_25.wav,./audio/children/child_001/reading/child_70_reading_25.wav,child_70_sentence_25.wav,./audio/children/child_001/imitation/child_70_sentence_25.wav,reading_vs_imitation
70,26,child_70_reading_26.wav,./audio/children/child_001/reading/child_70_reading_26.wav,child_70_sentence_26.wav,./audio/children/child_001/imitation/child_70_sentence_26.wav,reading_vs_imitation
70,27,child_70_reading_27.wav,./audio/children/child_001/reading/child_70_reading_27.wav,child_70_sentence_27.wav,./audio/children/child_001/imitation/child_70_sentence_27.wav,reading_vs_imitation
70,28,child_70_reading_28.wav,./audio/children/child_001/reading/child_70_reading_28.wav,child_70_sentence_28.wav,./audio/children/child_001/imitation/child_70_sentence_28.wav,reading_vs_imitation
70,29,child_70_reading_29.wav,./audio/children/child_001/reading/child_70_reading_29.wav,child_70_sentence_29.wav,./audio/children/child_001/imitation/child_70_sentence_29.wav,reading_vs_imitation
71,1,child_71_reading_01.wav,./audio/children/child_002/reading/child_71_reading_01.wav,child_71_sentence_01.wav,./audio/children/child_002/imitation/child_71_sentence_01.wav,reading_vs_imitation
71,2,child_71_reading_02.wav,./audio/children/child_002/reading/child_71_reading_02.wav,child_71_sentence_02.wav,./audio/children/child_002/imitation/child_71_sentence_02.wav,reading_vs_imitation
71,3,child_71_reading_03.wav,./audio/children/child_002/reading/child_71_reading_03.wav,child_71_sentence_03.wav,./audio/children/child_002/imitation/child_71_sentence_03.wav,reading_vs_imitation
71,4,child_71_reading_04.wav,./audio/children/child_002/reading/child_71_reading_04.wav,child_71_sentence_04.wav,./audio/children/child_002/imitation/child_71_sentence_04.wav,reading_vs_imitation
71,5,child_71_reading_05.wav,./audio/children/child_002/reading/child_71_reading_05.wav,child_71_sentence_05.wav,./audio/children/child_002/imitation/child_71_sentence_05.wav,reading_vs_imitation
71,6,child_71_reading_06.wav,./audio/children/child_002/reading/child_71_reading_06.wav,child_71_sentence_06.wav,./audio/children/child_002/imitation/child_71_sentence_06.wav,reading_vs_imitation
71,7,child_71_reading_07.wav,./audio/children/child_002/reading/child_71_reading_07.wav,child_71_sentence_07.wav,./audio/children/child_002/imitation/child_71_sentence_07.wav,reading_vs_imitation
71,8,child_71_reading_08.wav,./audio/children/child_002/reading/child_71_reading_08.wav,child_71_sentence_08.wav,./audio/children/child_002/imitation/child_71_sentence_08.wav,reading_vs_imitation
71,9,child_71_reading_09.wav,./audio/children/child_002/reading/child_71_reading_09.wav,child_71_sentence_09.wav,./audio/children/child_002/imitation/child_71_sentence_09.wav,reading_vs_imitation
71,10,child_71_reading_10.wav,./audio/children/child_002/reading/child_71_reading_10.wav,child_71_sentence_10.wav,./audio/children/child_002/imitation/child_71_sentence_10.wav,reading_vs_imitation
71,11,child_71_reading_11.wav,./audio/children/child_002/reading/child_71_reading_11.wav,child_71_sentence_11.wav,./audio/children/child_002/imitation/child_71_sentence_11.wav,reading_vs_imitation
71,12,child_71_reading_12.wav,./audio/children/child_002/reading/child_71_reading_12.wav,child_71_sentence_12.wav,./audio/children/child_002/imitation/child_71_sentence_12.wav,reading_vs_imitation
71,13,child_71_reading_13.wav,./audio/children/child_002/reading/child_71_reading_13.wav,child_71_sentence_13.wav,./audio/children/child_002/imitation/child_71_sentence_13.wav,reading_vs_imitation
71,14,child_71_reading_14.wav,./audio/children/child_002/reading/child_71_reading_14.wav,child_71_sentence_14.wav,./audio/children/child_002/imitation/child_71_sentence_14.wav,reading_vs_imitation
71,15,child_71_reading_15.wav,./audio/children/child_002/reading/child_71_reading_15.wav,child_71_sentence_15.wav,./audio/children/child_002/imitation/child_71_sentence_15.wav,reading_vs_imitation
71,16,child_71_reading_16.wav,./audio/children/child_002/reading/child_71_reading_16.wav,child_71_sentence_16.wav,./audio/children/child_002/imitation/child_71_sentence_16.wav,reading_vs_imitation
71,17,child_71_reading_17.wav,./audio/children/child_002/reading/child_71_reading_17.wav,child_71_sentence_17.wav,./audio/children/child_002/imitation/child_71_sentence_17.wav,reading_vs_imitation
71,18,child_71_reading_18.wav,./audio/children/child_002/reading/child_71_reading_18.wav,child_71_sentence_18.wav,./audio/children/child_002/imitation/child_71_sentence_18.wav,reading_vs_imitation
71,19,child_71_reading_19.wav,./audio/children/child_002/reading/child_71_reading_19.wav,child_71_sentence_19.wav,./audio/children/child_002/imitation/child_71_sentence_19.wav,reading_vs_imitation
71,20,child_71_reading_20.wav,./audio/children/child_002/reading/child_71_reading_20.wav,child_71_sentence_20.wav,./audio/children/child_002/imitation/child_71_sentence_20.wav,reading_vs_imitation
71,21,child_71_reading_21.wav,./audio/children/child_002/reading/child_71_reading_21.wav,child_71_sentence_21.wav,./audio/children/child_002/imitation/child_71_sentence_21.wav,reading_vs_imitation
71,22,child_71_reading_22.wav,./audio/children/child_002/reading/child_71_reading_22.wav,child_71_sentence_22.wav,./audio/children/child_002/imitation/child_71_sentence_22.wav,reading_vs_imitation
71,23,child_71_reading_23.wav,./audio/children/child_002/reading/child_71_reading_23.wav,child_71_sentence_23.wav,./audio/children/child_002/imitation/child_71_sentence_23.wav,reading_vs_imitation
71,24,child_71_reading_24.wav,./audio/children/child_002/reading/child_71_reading_24.wav,child_71_sentence_24.wav,./audio/children/child_002/imitation/child_71_sentence_24.wav,reading_vs_imitation
71,25,child_71_reading_25.wav,./audio/children/child_002/reading/child_71_reading_25.wav,child_71_sentence_25.wav,./audio/children/child_002/imitation/child_71_sentence_25.wav,reading_vs_imitation
71,26,child_71_reading_26.wav,./audio/children/child_002/reading/child_71_reading_26.wav,child_71_sentence_26.wav,./audio/children/child_002/imitation/child_71_sentence_26.wav,reading_vs_imitation
71,27,child_71_reading_27.wav,./audio/children/child_002/reading/child_71_reading_27.wav,child_71_sentence_27.wav,./audio/children/child_002/imitation/child_71_sentence_27.wav,reading_vs_imitation
71,28,child_71_reading_28.wav,./audio/children/child_002/reading/child_71_reading_28.wav,child_71_sentence_28.wav,./audio/children/child_002/imitation/child_71_sentence_28.wav,reading_vs_imitation
71,29,child_71_reading_29.wav,./audio/children/child_002/reading/child_71_reading_29.wav,child_71_sentence_29.wav,./audio/children/child_002/imitation/child_71_sentence_29.wav,reading_vs_imitation
72,1,child_72_reading_01.wav,./audio/children/child_003/reading/child_72_reading_01.wav,child_72_sentence_01.wav,./audio/children/child_003/imitation/child_72_sentence_01.wav,reading_vs_imitation
72,2,child_72_reading_02.wav,./audio/children/child_003/reading/child_72_reading_02.wav,child_72_sentence_02.wav,./audio/children/child_003/imitation/child_72_sentence_02.wav,reading_vs_imitation
72,3,child_72_reading_03.wav,./audio/children/child_003/reading/child_72_reading_03.wav,child_72_sentence_03.wav,./audio/children/child_003/imitation/child_72_sentence_03.wav,reading_vs_imitation
72,4,child_72_reading_04.wav,./audio/children/child_003/reading/child_72_reading_04.wav,child_72_sentence_04.wav,./audio/children/child_003/imitation/child_72_sentence_04.wav,reading_vs_imitation
72,5,child_72_reading_05.wav,./audio/children/child_003/reading/child_72_reading_05.wav,child_72_sentence_05.wav,./audio/children/child_003/imitation/child_72_sentence_05.wav,reading_vs_imitation
72,6,child_72_reading_06.wav,./audio/children/child_003/reading/child_72_reading_06.wav,child_72_sentence_06.wav,./audio/children/child_003/imitation/child_72_sentence_06.wav,reading_vs_imitation
72,7,child_72_reading_07.wav,./audio/children/child_003/reading/child_72_reading_07.wav,child_72_sentence_07.wav,./audio/children/child_003/imitation/child_72_sentence_07.wav,reading_vs_imitation
72,8,child_72_reading_08.wav,./audio/children/child_003/reading/child_72_reading_08.wav,child_72_sentence_08.wav,./audio/children/child_003/imitation/child_72_sentence_08.wav,reading_vs_imitation
72,9,child_72_reading_09.wav,./audio/children/child_003/reading/child_72_reading_09.wav,child_72_sentence_09.wav,./audio/children/child_003/imitation/child_72_sentence_09.wav,reading_vs_imitation
72,10,child_72_reading_10.wav,./audio/children/child_003/reading/child_72_reading_10.wav,child_72_sentence_10.wav,./audio/children/child_003/imitation/child_72_sentence_10.wav,reading_vs_imitation
72,11,child_72_reading_11.wav,./audio/children/child_003/reading/child_72_reading_11.wav,child_72_sentence_11.wav,./audio/children/child_003/imitation/child_72_sentence_11.wav,reading_vs_imitation
72,12,child_72_reading_12.wav,./audio/children/child_003/reading/child_72_reading_12.wav,child_72_sentence_12.wav,./audio/children/child_003/imitation/child_72_sentence_12.wav,reading_vs_imitation
72,13,child_72_reading_13.wav,./audio/children/child_003/reading/child_72_reading_13.wav,child_72_sentence_13.wav,./audio/children/child_003/imitation/child_72_sentence_13.wav,reading_vs_imitation
72,14,child_72_reading_14.wav,./audio/children/child_003/reading/child_72_reading_14.wav,child_72_sentence_14.wav,./audio/children/child_003/imitation/child_72_sentence_14.wav,reading_vs_imitation
72,15,child_72_reading_15.wav,./audio/children/child_003/reading/child_72_reading_15.wav,child_72_sentence_15.wav,./audio/children/child_003/imitation/child_72_sentence_15.wav,reading_vs_imitation
72,16,child_72_reading_16.wav,./audio/children/child_003/reading/child_72_reading_16.wav,child_72_sentence_16.wav,./audio/children/child_003/imitation/child_72_sentence_16.wav,reading_vs_imitation
72,17,child_72_reading_17.wav,./audio/children/child_003/reading/child_72_reading_17.wav,child_72_sentence_17.wav,./audio/children/child_003/imitation/child_72_sentence_17.wav,reading_vs_imitation
72,18,child_72_reading_18.wav,./audio/children/child_003/reading/child_72_reading_18.wav,child_72_sentence_18.wav,./audio/children/child_003/imitation/child_72_sentence_18.wav,reading_vs_imitation
72,19,child_72_reading_19.wav,./audio/children/child_003/reading/child_72_reading_19.wav,child_72_sentence_19.wav,./audio/children/child_003/imitation/child_72_sentence_19.wav,reading_vs_imitation
72,20,child_72_reading_20.wav,./audio/children/child_003/reading/child_72_reading_20.wav,child_72_sentence_20.wav,./audio/children/child_003/imitation/child_72_sentence_20.wav,reading_vs_imitation
72,21,child_72_reading_21.wav,./audio/children/child_003/reading/child_72_reading_21.wav,child_72_sentence_21.wav,./audio/children/child_003/imitation/child_72_sentence_21.wav,reading_vs_imitation
72,22,child_72_reading_22.wav,./audio/children/child_003/reading/child_72_reading_22.wav,child_72_sentence_22.wav,./audio/children/child_003/imitation/child_72_sentence_22.wav,reading_vs_imitation
72,23,child_72_reading_23.wav,./audio/children/child_003/reading/child_72_reading_23.wav,child_72_sentence_23.wav,./audio/children/child_003/imitation/child_72_sentence_23.wav,reading_vs_imitation
72,24,child_72_reading_24.wav,./audio/children/child_003/reading/child_72_reading_24.wav,child_72_sentence_24.wav,./audio/children/child_003/imitation/child_72_sentence_24.wav,reading_vs_imitation
72,25,child_72_reading_25.wav,./audio/children/child_003/reading/child_72_reading_25.wav,child_72_sentence_25.wav,./audio/children/child_003/imitation/child_72_sentence_25.wav,reading_vs_imitation
72,26,child_72_reading_26.wav,./audio/children/child_003/reading/child_72_reading_26.wav,child_72_sentence_26.wav,./audio/children/child_003/imitation/child_72_sentence_26.wav,reading_vs_imitation
72,27,child_72_reading_27.wav,./audio/children/child_003/reading/child_72_reading_27.wav,child_72_sentence_27.wav,./audio/children/child_003/imitation/child_72_sentence_27.wav,reading_vs_imitation
72,28,child_72_reading_28.wav,./audio/children/child_003/reading/child_72_reading_28.wav,child_72_sentence_28.wav,./audio/children/child_003/imitation/child_72_sentence_28.wav,reading_vs_imitation
72,29,child_72_reading_29.wav,./audio/children/child_003/reading/child_72_reading_29.wav,child_72_sentence_29.wav,./audio/children/child_003/imitation/child_72_sentence_29.wav,reading_vs_imitation
73,1,child_73_reading_01.wav,./audio/children/child_004/reading/child_73_reading_01.wav,child_73_sentence_01.wav,./audio/children/child_004/imitation/child_73_sentence_01.wav,reading_vs_imitation
73,2,child_73_reading_02.wav,./audio/children/child_004/reading/child_73_reading_02.wav,child_73_sentence_02.wav,./audio/children/child_004/imitation/child_73_sentence_02.wav,reading_vs_imitation
73,3,child_73_reading_03.wav,./audio/children/child_004/reading/child_73_reading_03.wav,child_73_sentence_03.wav,./audio/children/child_004/imitation/child_73_sentence_03.wav,reading_vs_imitation
73,4,child_73_reading_04.wav,./audio/children/child_004/reading/child_73_reading_04.wav,child_73_sentence_04.wav,./audio/children/child_004/imitation/child_73_sentence_04.wav,reading_vs_imitation
73,5,child_73_reading_05.wav,./audio/children/child_004/reading/child_73_reading_05.wav,child_73_sentence_05.wav,./audio/children/child_004/imitation/child_73_sentence_05.wav,reading_vs_imitation
73,6,child_73_reading_06.wav,./audio/children/child_004/reading/child_73_reading_06.wav,child_73_sentence_06.wav,./audio/children/child_004/imitation/child_73_sentence_06.wav,reading_vs_imitation
73,7,child_73_reading_07.wav,./audio/children/child_004/reading/child_73_reading_07.wav,child_73_sentence_07.wav,./audio/children/child_004/imitation/child_73_sentence_07.wav,reading_vs_imitation
73,8,child_73_reading_08.wav,./audio/children/child_004/reading/child_73_reading_08.wav,child_73_sentence_08.wav,./audio/children/child_004/imitation/child_73_sentence_08.wav,reading_vs_imitation
73,9,child_73_reading_09.wav,./audio/children/child_004/reading/child_73_reading_09.wav,child_73_sentence_09.wav,./audio/children/child_004/imitation/child_73_sentence_09.wav,reading_vs_imitation
73,10,child_73_reading_10.wav,./audio/children/child_004/reading/child_73_reading_10.wav,child_73_sentence_10.wav,./audio/children/child_004/imitation/child_73_sentence_10.wav,reading_vs_imitation
73,11,child_73_reading_11.wav,./audio/children/child_004/reading/child_73_reading_11.wav,child_73_sentence_11.wav,./audio/children/child_004/imitation/child_73_sentence_11.wav,reading_vs_imitation
73,12,child_73_reading_12.wav,./audio/children/child_004/reading/child_73_reading_12.wav,child_73_sentence_12.wav,./audio/children/child_004/imitation/child_73_sentence_12.wav,reading_vs_imitation
73,13,child_73_reading_13.wav,./audio/children/child_004/reading/child_73_reading_13.wav,child_73_sentence_13.wav,./audio/children/child_004/imitation/child_73_sentence_13.wav,reading_vs_imitation
73,14,child_73_reading_14.wav,./audio/children/child_004/reading/child_73_reading_14.wav,child_73_sentence_14.wav,./audio/children/child_004/imitation/child_73_sentence_14.wav,reading_vs_imitation
73,15,child_73_reading_15.wav,./audio/children/child_004/reading/child_73_reading_15.wav,child_73_sentence_15.wav,./audio/children/child_004/imitation/child_73_sentence_15.wav,reading_vs_imitation
73,16,child_73_reading_16.wav,./audio/children/child_004/reading/child_73_reading_16.wav,child_73_sentence_16.wav,./audio/children/child_004/imitation/child_73_sentence_16.wav,reading_vs_imitation
73,17,child_73_reading_17.wav,./audio/children/child_004/reading/child_73_reading_17.wav,child_73_sentence_17.wav,./audio/children/child_004/imitation/child_73_sentence_17.wav,reading_vs_imitation
73,18,child_73_reading_18.wav,./audio/children/child_004/reading/child_73_reading_18.wav,child_73_sentence_18.wav,./audio/children/child_004/imitation/child_73_sentence_18.wav,reading_vs_imitation
73,19,child_73_reading_19.wav,./audio/children/child_004/reading/child_73_reading_19.wav,child_73_sentence_19.wav,./audio/children/child_004/imitation/child_73_sentence_19.wav,reading_vs_imitation
73,20,child_73_reading_20.wav,./audio/children/child_004/reading/child_73_reading_20.wav,child_73_sentence_20.wav,./audio/children/child_004/imitation/child_73_sentence_20.wav,reading_vs_imitation
73,21,child_73_reading_21.wav,./audio/children/child_004/reading/child_73_reading_21.wav,child_73_sentence_21.wav,./audio/children/child_004/imitation/child_73_sentence_21.wav,reading_vs_imitation
73,22,child_73_reading_22.wav,./audio/children/child_004/reading/child_73_reading_22.wav,child_73_sentence_22.wav,./audio/children/child_004/imitation/child_73_sentence_22.wav,reading_vs_imitation
73,23,child_73_reading_23.wav,./audio/children/child_004/reading/child_73_reading_23.wav,child_73_sentence_23.wav,./audio/children/child_004/imitation/child_73_sentence_23.wav,reading_vs_imitation
73,24,child_73_reading_24.wav,./audio/children/child_004/reading/child_73_reading_24.wav,child_73_sentence_24.wav,./audio/children/child_004/imitation/child_73_sentence_24.wav,reading_vs_imitation
73,25,child_73_reading_25.wav,./audio/children/child_004/reading/child_73_reading_25.wav,child_73_sentence_25.wav,./audio/children/child_004/imitation/child_73_sentence_25.wav,reading_vs_imitation
73,26,child_73_reading_26.wav,./audio/children/child_004/reading/child_73_reading_26.wav,child_73_sentence_26.wav,./audio/children/child_004/imitation/child_73_sentence_26.wav,reading_vs_imitation
73,27,child_73_reading_27.wav,./audio/children/child_004/reading/child_73_reading_27.wav,child_73_sentence_27.wav,./audio/children/child_004/imitation/child_73_sentence_27.wav,reading_vs_imitation
73,28,child_73_reading_28.wav,./audio/children/child_004/reading/child_73_reading_28.wav,child_73_sentence_28.wav,./audio/children/child_004/imitation/child_73_sentence_28.wav,reading_vs_imitation
73,29,child_73_reading_29.wav,./audio/children/child_004/reading/child_73_reading_29.wav,child_73_sentence_29.wav,./audio/children/child_004/imitation/child_73_sentence_29.wav,reading_vs_imitation
74,1,child_74_reading_01.wav,./audio/children/child_005/reading/child_74_reading_01.wav,child_74_sentence_01.wav,./audio/children/child_005/imitation/child_74_sentence_01.wav,reading_vs_imitation
74,2,child_74_reading_02.wav,./audio/children/child_005/reading/child_74_reading_02.wav,child_74_sentence_02.wav,./audio/children/child_005/imitation/child_74_sentence_02.wav,reading_vs_imitation
74,3,child_74_reading_03.wav,./audio/children/child_005/reading/child_74_reading_03.wav,child_74_sentence_03.wav,./audio/children/child_005/imitation/child_74_sentence_03.wav,reading_vs_imitation
74,4,child_74_sentence_04.wav,./audio/children/child_005/reading/child_74_sentence_04.wav,child_74_sentence_04.wav,./audio/children/child_005/imitation/child_74_sentence_04.wav,reading_vs_imitation
74,5,child_74_reading_05.wav,./audio/children/child_005/reading/child_74_reading_05.wav,child_74_sentence_05.wav,./audio/children/child_005/imitation/child_74_sentence_05.wav,reading_vs_imitation
74,6,child_74_reading_06.wav,./audio/children/child_005/reading/child_74_reading_06.wav,child_74_sentence_06.wav,./audio/children/child_005/imitation/child_74_sentence_06.wav,reading_vs_imitation
74,7,child_74_reading_07.wav,./audio/children/child_005/reading/child_74_reading_07.wav,child_74_sentence_07.wav,./audio/children/child_005/imitation/child_74_sentence_07.wav,reading_vs_imitation
74,8,child_74_reading_08.wav,./audio/children/child_005/reading/child_74_reading_08.wav,child_74_sentence_08.wav,./audio/children/child_005/imitation/child_74_sentence_08.wav,reading_vs_imitation
74,9,child_74_reading_09.wav,./audio/children/child_005/reading/child_74_reading_09.wav,child_74_sentence_09.wav,./audio/children/child_005/imitation/child_74_sentence_09.wav,reading_vs_imitation
74,10,child_74_reading_10.wav,./audio/children/child_005/reading/child_74_reading_10.wav,child_74_sentence_10.wav,./audio/children/child_005/imitation/child_74_sentence_10.wav,reading_vs_imitation
74,11,child_74_reading_11.wav,./audio/children/child_005/reading/child_74_reading_11.wav,child_74_sentence_11.wav,./audio/children/child_005/imitation/child_74_sentence_11.wav,reading_vs_imitation
74,12,child_74_reading_12.wav,./audio/children/child_005/reading/child_74_reading_12.wav,child_74_sentence_12.wav,./audio/children/child_005/imitation/child_74_sentence_12.wav,reading_vs_imitation
74,13,child_74_reading_13.wav,./audio/children/child_005/reading/child_74_reading_13.wav,child_74_sentence_13.wav,./audio/children/child_005/imitation/child_74_sentence_13.wav,reading_vs_imitation
74,14,child_74_reading_14.wav,./audio/children/child_005/reading/child_74_reading_14.wav,child_74_sentence_14.wav,./audio/children/child_005/imitation/child_74_sentence_14.wav,reading_vs_imitation
74,15,child_74_reading_15.wav,./audio/children/child_005/reading/child_74_reading_15.wav,child_74_sentence_15.wav,./audio/children/child_005/imitation/child_74_sentence_15.wav,reading_vs_imitation
74,16,child_74_reading_16.wav,./audio/children/child_005/reading/child_74_reading_16.wav,child_74_sentence_16.wav,./audio/children/child_005/imitation/child_74_sentence_16.wav,reading_vs_imitation
74,17,child_74_reading_17.wav,./audio/children/child_005/reading/child_74_reading_17.wav,child_74_sentence_17.wav,./audio/children/child_005/imitation/child_74_sentence_17.wav,reading_vs_imitation
74,18,child_74_reading_18.wav,./audio/children/child_005/reading/child_74_reading_18.wav,child_74_sentence_18.wav,./audio/children/child_005/imitation/child_74_sentence_18.wav,reading_vs_imitation
74,19,child_74_reading_19.wav,./audio/children/child_005/reading/child_74_reading_19.wav,child_74_sentence_19.wav,./audio/children/child_005/imitation/child_74_sentence_19.wav,reading_vs_imitation
74,20,child_74_reading_20.wav,./audio/children/child_005/reading/child_74_reading_20.wav,child_74_sentence_20.wav,./audio/children/child_005/imitation/child_74_sentence_20.wav,reading_vs_imitation
74,21,child_74_reading_21.wav,./audio/children/child_005/reading/child_74_reading_21.wav,child_74_sentence_21.wav,./audio/children/child_005/imitation/child_74_sentence_21.wav,reading_vs_imitation
74,22,child_74_reading_22.wav,./audio/children/child_005/reading/child_74_reading_22.wav,child_74_sentence_22.wav,./audio/children/child_005/imitation/child_74_sentence_22.wav,reading_vs_imitation
74,23,child_74_reading_23.wav,./audio/children/child_005/reading/child_74_reading_23.wav,child_74_sentence_23.wav,./audio/children/child_005/imitation/child_74_sentence_23.wav,reading_vs_imitation
74,24,child_74_reading_24.wav,./audio/children/child_005/reading/child_74_reading_24.wav,child_74_sentence_24.wav,./audio/children/child_005/imitation/child_74_sentence_24.wav,reading_vs_imitation
74,25,child_74_reading_25.wav,./audio/children/child_005/reading/child_74_reading_25.wav,child_74_sentence_25.wav,./audio/children/child_005/imitation/child_74_sentence_25.wav,reading_vs_imitation
74,26,child_74_reading_26.wav,./audio/children/child_005/reading/child_74_reading_26.wav,child_74_sentence_26.wav,./audio/children/child_005/imitation/child_74_sentence_26.wav,reading_vs_imitation
74,27,child_74_reading_27.wav,./audio/children/child_005/reading/child_74_reading_27.wav,child_74_sentence_27.wav,./audio/children/child_005/imitation/child_74_sentence_27.wav,reading_vs_imitation
74,28,child_74_reading_28.wav,./audio/children/child_005/reading/child_74_reading_28.wav,child_74_sentence_28.wav,./audio/children/child_005/imitation/child_74_sentence_28.wav,reading_vs_imitation
74,29,child_74_reading_29.wav,./audio/children/child_005/reading/child_74_reading_29.wav,child_74_sentence_29.wav,./audio/children/child_005/imitation/child_74_sentence_29.wav,reading_vs_imitation
75,1,child_75_reading_01.wav,./audio/children/child_006/reading/child_75_reading_01.wav,child_75_sentence_01.wav,./audio/children/child_006/imitation/child_75_sentence_01.wav,reading_vs_imitation
75,2,child_75_reading_02.wav,./audio/children/child_006/reading/child_75_reading_02.wav,child_75_sentence_02.wav,./audio/children/child_006/imitation/child_75_sentence_02.wav,reading_vs_imitation
75,3,child_75_reading_03.wav,./audio/children/child_006/reading/child_75_reading_03.wav,child_75_sentence_03.wav,./audio/children/child_006/imitation/child_75_sentence_03.wav,reading_vs_imitation
75,4,child_75_reading_04.wav,./audio/children/child_006/reading/child_75_reading_04.wav,child_75_sentence_04.wav,./audio/children/child_006/imitation/child_75_sentence_04.wav,reading_vs_imitation
75,5,child_75_reading_05.wav,./audio/children/child_006/reading/child_75_reading_05.wav,child_75_sentence_05.wav,./audio/children/child_006/imitation/child_75_sentence_05.wav,reading_vs_imitation
75,6,child_75_reading_06.wav,./audio/children/child_006/reading/child_75_reading_06.wav,child_75_sentence_06.wav,./audio/children/child_006/imitation/child_75_sentence_06.wav,reading_vs_imitation
75,7,child_75_reading_07.wav,./audio/children/child_006/reading/child_75_reading_07.wav,child_75_sentence_07.wav,./audio/children/child_006/imitation/child_75_sentence_07.wav,reading_vs_imitation
75,8,child_75_reading_08.wav,./audio/children/child_006/reading/child_75_reading_08.wav,child_75_sentence_08.wav,./audio/children/child_006/imitation/child_75_sentence_08.wav,reading_vs_imitation
75,9,child_75_reading_09.wav,./audio/children/child_006/reading/child_75_reading_09.wav,child_75_sentence_09.wav,./audio/children/child_006/imitation/child_75_sentence_09.wav,reading_vs_imitation
75,10,child_75_reading_10.wav,./audio/children/child_006/reading/child_75_reading_10.wav,child_75_sentence_10.wav,./audio/children/child_006/imitation/child_75_sentence_10.wav,reading_vs_imitation
75,11,child_75_reading_11.wav,./audio/children/child_006/reading/child_75_reading_11.wav,child_75_sentence_11.wav,./audio/children/child_006/imitation/child_75_sentence_11.wav,reading_vs_imitation
75,12,child_75_reading_12.wav,./audio/children/child_006/reading/child_75_reading_12.wav,child_75_sentence_12.wav,./audio/children/child_006/imitation/child_75_sentence_12.wav,reading_vs_imitation
75,13,child_75_reading_13.wav,./audio/children/child_006/reading/child_75_reading_13.wav,child_75_sentence_13.wav,./audio/children/child_006/imitation/child_75_sentence_13.wav,reading_vs_imitation
75,14,child_75_reading_14.wav,./audio/children/child_006/reading/child_75_reading_14.wav,child_75_sentence_14.wav,./audio/children/child_006/imitation/child_75_sentence_14.wav,reading_vs_imitation
75,15,child_75_reading_15.wav,./audio/children/child_006/reading/child_75_reading_15.wav,child_75_sentence_15.wav,./audio/children/child_006/imitation/child_75_sentence_15.wav,reading_vs_imitation
75,16,child_75_reading_16.wav,./audio/children/child_006/reading/child_75_reading_16.wav,child_75_sentence_16.wav,./audio/children/child_006/imitation/child_75_sentence_16.wav,reading_vs_imitation
75,17,child_75_reading_17.wav,./audio/children/child_006/reading/child_75_reading_17.wav,child_75_sentence_17.wav,./audio/children/child_006/imitation/child_75_sentence_17.wav,reading_vs_imitation
75,18,child_75_reading_18.wav,./audio/children/child_006/reading/child_75_reading_18.wav,child_75_sentence_18.wav,./audio/children/child_006/imitation/child_75_sentence_18.wav,reading_vs_imitation
75,19,child_75_reading_19.wav,./audio/children/child_006/reading/child_75_reading_19.wav,child_75_sentence_19.wav,./audio/children/child_006/imitation/child_75_sentence_19.wav,reading_vs_imitation
75,20,child_75_reading_20.wav,./audio/children/child_006/reading/child_75_reading_20.wav,child_75_sentence_20.wav,./audio/children/child_006/imitation/child_75_sentence_20.wav,reading_vs_imitation
75,21,child_75_reading_21.wav,./audio/children/child_006/reading/child_75_reading_21.wav,child_75_sentence_21.wav,./audio/children/child_006/imitation/child_75_sentence_21.wav,reading_vs_imitation
75,22,child_75_reading_22.wav,./audio/children/child_006/reading/child_75_reading_22.wav,child_75_sentence_22.wav,./audio/children/child_006/imitation/child_75_sentence_22.wav,reading_vs_imitation
75,23,child_75_reading_23.wav,./audio/children/child_006/reading/child_75_reading_23.wav,child_75_sentence_23.wav,./audio/children/child_006/imitation/child_75_sentence_23.wav,reading_vs_imitation
75,24,child_75_reading_24.wav,./audio/children/child_006/reading/child_75_reading_24.wav,child_75_sentence_24.wav,./audio/children/child_006/imitation/child_75_sentence_24.wav,reading_vs_imitation
75,25,child_75_reading_25.wav,./audio/children/child_006/reading/child_75_reading_25.wav,child_75_sentence_25.wav,./audio/children/child_006/imitation/child_75_sentence_25.wav,reading_vs_imitation
75,26,child_75_reading_26.wav,./audio/children/child_006/reading/child_75_reading_26.wav,child_75_sentence_26.wav,./audio/children/child_006/imitation/child_75_sentence_26.wav,reading_vs_imitation
75,27,child_75_reading_27.wav,./audio/children/child_006/reading/child_75_reading_27.wav,child_75_sentence_27.wav,./audio/children/child_006/imitation/child_75_sentence_27.wav,reading_vs_imitation
75,28,child_75_reading_28.wav,./audio/children/child_006/reading/child_75_reading_28.wav,child_75_sentence_28.wav,./audio/children/child_006/imitation/child_75_sentence_28.wav,reading_vs_imitation
75,29,child_75_reading_29.wav,./audio/children/child_006/reading/child_75_reading_29.wav,child_75_sentence_29.wav,./audio/children/child_006/imitation/child_75_sentence_29.wav,reading_vs_imitation
76,1,child_76_reading_01.wav,./audio/children/child_007/reading/child_76_reading_01.wav,child_76_sentence_01.wav,./audio/children/child_007/imitation/child_76_sentence_01.wav,reading_vs_imitation
76,2,child_76_reading_02.wav,./audio/children/child_007/reading/child_76_reading_02.wav,child_76_sentence_02.wav,./audio/children/child_007/imitation/child_76_sentence_02.wav,reading_vs_imitation
76,3,child_76_reading_03.wav,./audio/children/child_007/reading/child_76_reading_03.wav,child_76_sentence_03.wav,./audio/children/child_007/imitation/child_76_sentence_03.wav,reading_vs_imitation
76,4,child_76_reading_04.wav,./audio/children/child_007/reading/child_76_reading_04.wav,child_76_sentence_04.wav,./audio/children/child_007/imitation/child_76_sentence_04.wav,reading_vs_imitation
76,5,child_76_reading_05.wav,./audio/children/child_007/reading/child_76_reading_05.wav,child_76_sentence_05.wav,./audio/children/child_007/imitation/child_76_sentence_05.wav,reading_vs_imitation
76,6,child_76_reading_06.wav,./audio/children/child_007/reading/child_76_reading_06.wav,child_76_sentence_06.wav,./audio/children/child_007/imitation/child_76_sentence_06.wav,reading_vs_imitation
76,7,child_76_reading_07.wav,./audio/children/child_007/reading/child_76_reading_07.wav,child_76_sentence_07.wav,./audio/children/child_007/imitation/child_76_sentence_07.wav,reading_vs_imitation
76,8,child_76_reading_08.wav,./audio/children/child_007/reading/child_76_reading_08.wav,child_76_sentence_08.wav,./audio/children/child_007/imitation/child_76_sentence_08.wav,reading_vs_imitation
76,9,child_76_reading_09.wav,./audio/children/child_007/reading/child_76_reading_09.wav,child_76_sentence_09.wav,./audio/children/child_007/imitation/child_76_sentence_09.wav,reading_vs_imitation
76,10,child_76_reading_10.wav,./audio/children/child_007/reading/child_76_reading_10.wav,child_76_sentence_10.wav,./audio/children/child_007/imitation/child_76_sentence_10.wav,reading_vs_imitation
76,11,child_76_reading_11.wav,./audio/children/child_007/reading/child_76_reading_11.wav,child_76_sentence_11.wav,./audio/children/child_007/imitation/child_76_sentence_11.wav,reading_vs_imitation
76,12,child_76_reading_12.wav,./audio/children/child_007/reading/child_76_reading_12.wav,child_76_sentence_12.wav,./audio/children/child_007/imitation/child_76_sentence_12.wav,reading_vs_imitation
76,13,child_76_reading_13.wav,./audio/children/child_007/reading/child_76_reading_13.wav,child_76_sentence_13.wav,./audio/children/child_007/imitation/child_76_sentence_13.wav,reading_vs_imitation
76,14,child_76_reading_14.wav,./audio/children/child_007/reading/child_76_reading_14.wav,child_76_sentence_14.wav,./audio/children/child_007/imitation/child_76_sentence_14.wav,reading_vs_imitation
76,15,child_76_reading_15.wav,./audio/children/child_007/reading/child_76_reading_15.wav,child_76_sentence_15.wav,./audio/children/child_007/imitation/child_76_sentence_15.wav,reading_vs_imitation
76,16,child_76_reading_16.wav,./audio/children/child_007/reading/child_76_reading_16.wav,child_76_sentence_16.wav,./audio/children/child_007/imitation/child_76_sentence_16.wav,reading_vs_imitation
76,17,child_76_reading_17.wav,./audio/children/child_007/reading/child_76_reading_17.wav,child_76_sentence_17.wav,./audio/children/child_007/imitation/child_76_sentence_17.wav,reading_vs_imitation
76,18,child_76_reading_18.wav,./audio/children/child_007/reading/child_76_reading_18.wav,child_76_sentence_18.wav,./audio/children/child_007/imitation/child_76_sentence_18.wav,reading_vs_imitation
76,19,child_76_reading_19.wav,./audio/children/child_007/reading/child_76_reading_19.wav,child_76_sentence_19.wav,./audio/children/child_007/imitation/child_76_sentence_19.wav,reading_vs_imitation
76,20,child_76_reading_20.wav,./audio/children/child_007/reading/child_76_reading_20.wav,child_76_sentence_20.wav,./audio/children/child_007/imitation/child_76_sentence_20.wav,reading_vs_imitation
76,21,child_76_reading_21.wav,./audio/children/child_007/reading/child_76_reading_21.wav,child_76_sentence_21.wav,./audio/children/child_007/imitation/child_76_sentence_21.wav,reading_vs_imitation
76,22,child_76_reading_22.wav,./audio/children/child_007/reading/child_76_reading_22.wav,child_76_sentence_22.wav,./audio/children/child_007/imitation/child_76_sentence_22.wav,reading_vs_imitation
76,23,child_76_reading_23.wav,./audio/children/child_007/reading/child_76_reading_23.wav,child_76_sentence_23.wav,./audio/children/child_007/imitation/child_76_sentence_23.wav,reading_vs_imitation
76,24,child_76_reading_24.wav,./audio/children/child_007/reading/child_76_reading_24.wav,child_76_sentence_24.wav,./audio/children/child_007/imitation/child_76_sentence_24.wav,reading_vs_imitation
76,25,child_76_reading_25.wav,./audio/children/child_007/reading/child_76_reading_25.wav,child_76_sentence_25.wav,./audio/children/child_007/imitation/child_76_sentence_25.wav,reading_vs_imitation
76,26,child_76_reading_26.wav,./audio/children/child_007/reading/child_76_reading_26.wav,child_76_sentence_26.wav,./audio/children/child_007/imitation/child_76_sentence_26.wav,reading_vs_imitation
76,27,child_76_reading_27.wav,./audio/children/child_007/reading/child_76_reading_27.wav,child_76_sentence_27.wav,./audio/children/child_007/imitation/child_76_sentence_27.wav,reading_vs_imitation
76,28,child_76_reading_28.wav,./audio/children/child_007/reading/child_76_reading_28.wav,child_76_sentence_28.wav,./audio/children/child_007/imitation/child_76_sentence_28.wav,reading_vs_imitation
76,29,child_76_reading_29.wav,./audio/children/child_007/reading/child_76_reading_29.wav,child_76_sentence_29.wav,./audio/children/child_007/imitation/child_76_sentence_29.wav,reading_vs_imitation
77,1,child_77_reading_01.wav,./audio/children/child_008/reading/child_77_reading_01.wav,child_77_sentence_01.wav,./audio/children/child_008/imitation/child_77_sentence_01.wav,reading_vs_imitation
77,2,child_77_reading_02.wav,./audio/children/child_008/reading/child_77_reading_02.wav,child_77_sentence_02.wav,./audio/children/child_008/imitation/child_77_sentence_02.wav,reading_vs_imitation
77,3,child_77_reading_03.wav,./audio/children/child_008/reading/child_77_reading_03.wav,child_77_sentence_03.wav,./audio/children/child_008/imitation/child_77_sentence_03.wav,reading_vs_imitation
77,4,child_77_reading_04.wav,./audio/children/child_008/reading/child_77_reading_04.wav,child_77_sentence_04.wav,./audio/children/child_008/imitation/child_77_sentence_04.wav,reading_vs_imitation
77,5,child_77_reading_05.wav,./audio/children/child_008/reading/child_77_reading_05.wav,child_77_sentence_05.wav,./audio/children/child_008/imitation/child_77_sentence_05.wav,reading_vs_imitation
77,6,child_77_reading_06.wav,./audio/children/child_008/reading/child_77_reading_06.wav,child_77_sentence_06.wav,./audio/children/child_008/imitation/child_77_sentence_06.wav,reading_vs_imitation
77,7,child_77_reading_07.wav,./audio/children/child_008/reading/child_77_reading_07.wav,child_77_sentence_07.wav,./audio/children/child_008/imitation/child_77_sentence_07.wav,reading_vs_imitation
77,8,child_77_reading_08.wav,./audio/children/child_008/reading/child_77_reading_08.wav,child_77_sentence_08.wav,./audio/children/child_008/imitation/child_77_sentence_08.wav,reading_vs_imitation
77,9,child_77_reading_09.wav,./audio/children/child_008/reading/child_77_reading_09.wav,child_77_sentence_09.wav,./audio/children/child_008/imitation/child_77_sentence_09.wav,reading_vs_imitation
77,10,child_77_reading_10.wav,./audio/children/child_008/reading/child_77_reading_10.wav,child_77_sentence_10.wav,./audio/children/child_008/imitation/child_77_sentence_10.wav,reading_vs_imitation
77,11,child_77_reading_11.wav,./audio/children/child_008/reading/child_77_reading_11.wav,child_77_sentence_11.wav,./audio/children/child_008/imitation/child_77_sentence_11.wav,reading_vs_imitation
77,12,child_77_reading_12.wav,./audio/children/child_008/reading/child_77_reading_12.wav,child_77_sentence_12.wav,./audio/children/child_008/imitation/child_77_sentence_12.wav,reading_vs_imitation
77,13,child_77_reading_13.wav,./audio/children/child_008/reading/child_77_reading_13.wav,child_77_sentence_13.wav,./audio/children/child_008/imitation/child_77_sentence_13.wav,reading_vs_imitation
77,14,child_77_reading_14.wav,./audio/children/child_008/reading/child_77_reading_14.wav,child_77_sentence_14.wav,./audio/children/child_008/imitation/child_77_sentence_14.wav,reading_vs_imitation
77,15,child_77_reading_15.wav,./audio/children/child_008/reading/child_77_reading_15.wav,child_77_sentence_15.wav,./audio/children/child_008/imitation/child_77_sentence_15.wav,reading_vs_imitation
77,16,child_77_reading_16.wav,./audio/children/child_008/reading/child_77_reading_16.wav,child_77_sentence_16.wav,./audio/children/child_008/imitation/child_77_sentence_16.wav,reading_vs_imitation
77,17,child_77_reading_17.wav,./audio/children/child_008/reading/child_77_reading_17.wav,child_77_sentence_17.wav,./audio/children/child_008/imitation/child_77_sentence_17.wav,reading_vs_imitation
77,18,child_77_reading_18.wav,./audio/children/child_008/reading/child_77_reading_18.wav,child_77_sentence_18.wav,./audio/children/child_008/imitation/child_77_sentence_18.wav,reading_vs_imitation
77,19,child_77_reading_19.wav,./audio/children/child_008/reading/child_77_reading_19.wav,child_77_sentence_19.wav,./audio/children/child_008/imitation/child_77_sentence_19.wav,reading_vs_imitation
77,20,child_77_reading_20.wav,./audio/children/child_008/reading/child_77_reading_20.wav,child_77_sentence_20.wav,./audio/children/child_008/imitation/child_77_sentence_20.wav,reading_vs_imitation
77,21,child_77_reading_21.wav,./audio/children/child_008/reading/child_77_reading_21.wav,child_77_sentence_21.wav,./audio/children/child_008/imitation/child_77_sentence_21.wav,reading_vs_imitation
77,22,child_77_reading_22.wav,./audio/children/child_008/reading/child_77_reading_22.wav,child_77_sentence_22.wav,./audio/children/child_008/imitation/child_77_sentence_22.wav,reading_vs_imitation
77,23,child_77_reading_23.wav,./audio/children/child_008/reading/child_77_reading_23.wav,child_77_sentence_23.wav,./audio/children/child_008/imitation/child_77_sentence_23.wav,reading_vs_imitation
77,24,child_77_reading_24.wav,./audio/children/child_008/reading/child_77_reading_24.wav,child_77_sentence_24.wav,./audio/children/child_008/imitation/child_77_sentence_24.wav,reading_vs_imitation
77,25,child_77_reading_25.wav,./audio/children/child_008/reading/child_77_reading_25.wav,child_77_sentence_25.wav,./audio/children/child_008/imitation/child_77_sentence_25.wav,reading_vs_imitation
77,26,child_77_reading_26.wav,./audio/children/child_008/reading/child_77_reading_26.wav,child_77_sentence_26.wav,./audio/children/child_008/imitation/child_77_sentence_26.wav,reading_vs_imitation
77,27,child_77_reading_27.wav,./audio/children/child_008/reading/child_77_reading_27.wav,child_77_sentence_27.wav,./audio/children/child_008/imitation/child_77_sentence_27.wav,reading_vs_imitation
77,28,child_77_reading_28.wav,./audio/children/child_008/reading/child_77_reading_28.wav,child_77_sentence_28.wav,./audio/children/child_008/imitation/child_77_sentence_28.wav,reading_vs_imitation
77,29,child_77_reading_29.wav,./audio/children/child_008/reading/child_77_reading_29.wav,child_77_sentence_29.wav,./audio/children/child_008/imitation/child_77_sentence_29.wav,reading_vs_imitation
78,1,child_78_reading_01.wav,./audio/children/child_009/reading/child_78_reading_01.wav,child_78_sentence_01.wav,./audio/children/child_009/imitation/child_78_sentence_01.wav,reading_vs_imitation
78,2,child_78_reading_02.wav,./audio/children/child_009/reading/child_78_reading_02.wav,child_78_sentence_02.wav,./audio/children/child_009/imitation/child_78_sentence_02.wav,reading_vs_imitation
78,3,child_78_reading_03.wav,./audio/children/child_009/reading/child_78_reading_03.wav,child_78_sentence_03.wav,./audio/children/child_009/imitation/child_78_sentence_03.wav,reading_vs_imitation
78,4,child_78_reading_04.wav,./audio/children/child_009/reading/child_78_reading_04.wav,child_78_sentence_04.wav,./audio/children/child_009/imitation/child_78_sentence_04.wav,reading_vs_imitation
78,5,child_78_reading_05.wav,./audio/children/child_009/reading/child_78_reading_05.wav,child_78_sentence_05.wav,./audio/children/child_009/imitation/child_78_sentence_05.wav,reading_vs_imitation
78,6,child_78_reading_06.wav,./audio/children/child_009/reading/child_78_reading_06.wav,child_78_sentence_06.wav,./audio/children/child_009/imitation/child_78_sentence_06.wav,reading_vs_imitation
78,7,child_78_reading_07.wav,./audio/children/child_009/reading/child_78_reading_07.wav,child_78_sentence_07.wav,./audio/children/child_009/imitation/child_78_sentence_07.wav,reading_vs_imitation
78,8,child_78_reading_08.wav,./audio/children/child_009/reading/child_78_reading_08.wav,child_78_sentence_08.wav,./audio/children/child_009/imitation/child_78_sentence_08.wav,reading_vs_imitation
78,9,child_78_reading_09.wav,./audio/children/child_009/reading/child_78_reading_09.wav,child_78_sentence_09.wav,./audio/children/child_009/imitation/child_78_sentence_09.wav,reading_vs_imitation
78,10,child_78_reading_10.wav,./audio/children/child_009/reading/child_78_reading_10.wav,child_78_sentence_10.wav,./audio/children/child_009/imitation/child_78_sentence_10.wav,reading_vs_imitation
78,11,child_78_reading_11.wav,./audio/children/child_009/reading/child_78_reading_11.wav,child_78_sentence_11.wav,./audio/children/child_009/imitation/child_78_sentence_11.wav,reading_vs_imitation
78,12,child_78_reading_12.wav,./audio/children/child_009/reading/child_78_reading_12.wav,child_78_sentence_12.wav,./audio/children/child_009/imitation/child_78_sentence_12.wav,reading_vs_imitation
78,13,child_78_reading_13.wav,./audio/children/child_009/reading/child_78_reading_13.wav,child_78_sentence_13.wav,./audio/children/child_009/imitation/child_78_sentence_13.wav,reading_vs_imitation
78,14,child_78_reading_14.wav,./audio/children/child_009/reading/child_78_reading_14.wav,child_78_sentence_14.wav,./audio/children/child_009/imitation/child_78_sentence_14.wav,reading_vs_imitation
78,15,child_78_reading_15.wav,./audio/children/child_009/reading/child_78_reading_15.wav,child_78_sentence_15.wav,./audio/children/child_009/imitation/child_78_sentence_15.wav,reading_vs_imitation
78,16,child_78_reading_16.wav,./audio/children/child_009/reading/child_78_reading_16.wav,child_78_sentence_16.wav,./audio/children/child_009/imitation/child_78_sentence_16.wav,reading_vs_imitation
78,17,child_78_reading_17.wav,./audio/children/child_009/reading/child_78_reading_17.wav,child_78_sentence_17.wav,./audio/children/child_009/imitation/child_78_sentence_17.wav,reading_vs_imitation
78,18,child_78_reading_18.wav,./audio/children/child_009/reading/child_78_reading_18.wav,child_78_sentence_18.wav,./audio/children/child_009/imitation/child_78_sentence_18.wav,reading_vs_imitation
78,19,child_78_reading_19.wav,./audio/children/child_009/reading/child_78_reading_19.wav,child_78_sentence_19.wav,./audio/children/child_009/imitation/child_78_sentence_19.wav,reading_vs_imitation
78,20,child_78_reading_20.wav,./audio/children/child_009/reading/child_78_reading_20.wav,child_78_sentence_20.wav,./audio/children/child_009/imitation/child_78_sentence_20.wav,reading_vs_imitation
78,21,child_78_reading_21.wav,./audio/children/child_009/reading/child_78_reading_21.wav,child_78_sentence_21.wav,./audio/children/child_009/imitation/child_78_sentence_21.wav,reading_vs_imitation
78,22,child_78_reading_22.wav,./audio/children/child_009/reading/child_78_reading_22.wav,child_78_sentence_22.wav,./audio/children/child_009/imitation/child_78_sentence_22.wav,reading_vs_imitation
78,23,child_78_reading_23.wav,./audio/children/child_009/reading/child_78_reading_23.wav,child_78_sentence_23.wav,./audio/children/child_009/imitation/child_78_sentence_23.wav,reading_vs_imitation
78,24,child_78_reading_24.wav,./audio/children/child_009/reading/child_78_reading_24.wav,child_78_sentence_24.wav,./audio/children/child_009/imitation/child_78_sentence_24.wav,reading_vs_imitation
78,25,child_78_reading_25.wav,./audio/children/child_009/reading/child_78_reading_25.wav,child_78_sentence_25.wav,./audio/children/child_009/imitation/child_78_sentence_25.wav,reading_vs_imitation
78,26,child_78_reading_26.wav,./audio/children/child_009/reading/child_78_reading_26.wav,child_78_sentence_26.wav,./audio/children/child_009/imitation/child_78_sentence_26.wav,reading_vs_imitation
78,27,child_78_reading_27.wav,./audio/children/child_009/reading/child_78_reading_27.wav,child_78_sentence_27.wav,./audio/children/child_009/imitation/child_78_sentence_27.wav,reading_vs_imitation
78,28,child_78_reading_28.wav,./audio/children/child_009/reading/child_78_reading_28.wav,child_78_sentence_28.wav,./audio/children/child_009/imitation/child_78_sentence_28.wav,reading_vs_imitation
78,29,child_78_reading_29.wav,./audio/children/child_009/reading/child_78_reading_29.wav,child_78_sentence_29.wav,./audio/children/child_009/imitation/child_78_sentence_29.wav,reading_vs_imitation
79,1,child_79_reading_01.wav,./audio/children/child_010/reading/child_79_reading_01.wav,child_79_sentence_01.wav,./audio/children/child_010/imitation/child_79_sentence_01.wav,reading_vs_imitation
79,2,child_79_reading_02.wav,./audio/children/child_010/reading/child_79_reading_02.wav,child_79_sentence_02.wav,./audio/children/child_010/imitation/child_79_sentence_02.wav,reading_vs_imitation
79,3,child_79_reading_03.wav,./audio/children/child_010/reading/child_79_reading_03.wav,child_79_sentence_03.wav,./audio/children/child_010/imitation/child_79_sentence_03.wav,reading_vs_imitation
79,4,child_79_reading_04.wav,./audio/children/child_010/reading/child_79_reading_04.wav,child_79_sentence_04.wav,./audio/children/child_010/imitation/child_79_sentence_04.wav,reading_vs_imitation
79,5,child_79_reading_05.wav,./audio/children/child_010/reading/child_79_reading_05.wav,child_79_sentence_05.wav,./audio/children/child_010/imitation/child_79_sentence_05.wav,reading_vs_imitation
79,6,child_79_reading_06.wav,./audio/children/child_010/reading/child_79_reading_06.wav,child_79_sentence_06.wav,./audio/children/child_010/imitation/child_79_sentence_06.wav,reading_vs_imitation
79,7,child_79_reading_07.wav,./audio/children/child_010/reading/child_79_reading_07.wav,child_79_sentence_07.wav,./audio/children/child_010/imitation/child_79_sentence_07.wav,reading_vs_imitation
79,8,child_79_reading_08.wav,./audio/children/child_010/reading/child_79_reading_08.wav,child_79_sentence_08.wav,./audio/children/child_010/imitation/child_79_sentence_08.wav,reading_vs_imitation
79,9,child_79_reading_09.wav,./audio/children/child_010/reading/child_79_reading_09.wav,child_79_sentence_09.wav,./audio/children/child_010/imitation/child_79_sentence_09.wav,reading_vs_imitation
79,10,child_79_reading_10.wav,./audio/children/child_010/reading/child_79_reading_10.wav,child_79_sentence_10.wav,./audio/children/child_010/imitation/child_79_sentence_10.wav,reading_vs_imitation
79,11,child_79_reading_11.wav,./audio/children/child_010/reading/child_79_reading_11.wav,child_79_sentence_11.wav,./audio/children/child_010/imitation/child_79_sentence_11.wav,reading_vs_imitation
79,12,child_79_reading_12.wav,./audio/children/child_010/reading/child_79_reading_12.wav,child_79_sentence_12.wav,./audio/children/child_010/imitation/child_79_sentence_12.wav,reading_vs_imitation
79,13,child_79_reading_13.wav,./audio/children/child_010/reading/child_79_reading_13.wav,child_79_sentence_13.wav,./audio/children/child_010/imitation/child_79_sentence_13.wav,reading_vs_imitation
79,14,child_79_reading_14.wav,./audio/children/child_010/reading/child_79_reading_14.wav,child_79_sentence_14.wav,./audio/children/child_010/imitation/child_79_sentence_14.wav,reading_vs_imitation
79,15,child_79_reading_15.wav,./audio/children/child_010/reading/child_79_reading_15.wav,child_79_sentence_15.wav,./audio/children/child_010/imitation/child_79_sentence_15.wav,reading_vs_imitation
79,16,child_79_reading_16.wav,./audio/children/child_010/reading/child_79_reading_16.wav,child_79_sentence_16.wav,./audio/children/child_010/imitation/child_79_sentence_16.wav,reading_vs_imitation
79,17,child_79_reading_17.wav,./audio/children/child_010/reading/child_79_reading_17.wav,child_79_sentence_17.wav,./audio/children/child_010/imitation/child_79_sentence_17.wav,reading_vs_imitation
79,18,child_79_reading_18.wav,./audio/children/child_010/reading/child_79_reading_18.wav,child_79_sentence_18.wav,./audio/children/child_010/imitation/child_79_sentence_18.wav,reading_vs_imitation
79,19,child_79_reading_19.wav,./audio/children/child_010/reading/child_79_reading_19.wav,child_79_sentence_19.wav,./audio/children/child_010/imitation/child_79_sentence_19.wav,reading_vs_imitation
79,20,child_79_reading_20.wav,./audio/children/child_010/reading/child_79_reading_20.wav,child_79_sentence_20.wav,./audio/children/child_010/imitation/child_79_sentence_20.wav,reading_vs_imitation
79,21,child_79_reading_21.wav,./audio/children/child_010/reading/child_79_reading_21.wav,child_79_sentence_21.wav,./audio/children/child_010/imitation/child_79_sentence_21.wav,reading_vs_imitation
79,22,child_79_reading_22.wav,./audio/children/child_010/reading/child_79_reading_22.wav,child_79_sentence_22.wav,./audio/children/child_010/imitation/child_79_sentence_22.wav,reading_vs_imitation
79,23,child_79_reading_23.wav,./audio/children/child_010/reading/child_79_reading_23.wav,child_79_sentence_23.wav,./audio/children/child_010/imitation/child_79_sentence_23.wav,reading_vs_imitation
79,24,child_79_reading_24.wav,./audio/children/child_010/reading/child_79_reading_24.wav,child_79_sentence_24.wav,./audio/children/child_010/imitation/child_79_sentence_24.wav,reading_vs_imitation
79,25,child_79_reading_25.wav,./audio/children/child_010/reading/child_79_reading_25.wav,child_79_sentence_25.wav,./audio/children/child_010/imitation/child_79_sentence_25.wav,reading_vs_imitation
79,26,child_79_reading_26.wav,./audio/children/child_010/reading/child_79_reading_26.wav,child_79_sentence_26.wav,./audio/children/child_010/imitation/child_79_sentence_26.wav,reading_vs_imitation
79,27,child_79_reading_27.wav,./audio/children/child_010/reading/child_79_reading_27.wav,child_79_sentence_27.wav,./audio/children/child_010/imitation/child_79_sentence_27.wav,reading_vs_imitation
79,28,child_79_reading_28.wav,./audio/children/child_010/reading/child_79_reading_28.wav,child_79_sentence_28.wav,./audio/children/child_010/imitation/child_79_sentence_28.wav,reading_vs_imitation
79,29,child_79_reading_29.wav,./audio/children/child_010/reading/child_79_reading_29.wav,child_79_sentence_29.wav,./audio/children/child_010/imitation/child_79_sentence_29.wav,reading_vs_imitation
80,1,child_80_reading_01.wav,./audio/children/child_011/reading/child_80_reading_01.wav,child_80_sentence_01.wav,./audio/children/child_011/imitation/child_80_sentence_01.wav,reading_vs_imitation
80,2,child_80_reading_02.wav,./audio/children/child_011/reading/child_80_reading_02.wav,child_80_sentence_02.wav,./audio/children/child_011/imitation/child_80_sentence_02.wav,reading_vs_imitation
80,3,child_80_reading_03.wav,./audio/children/child_011/reading/child_80_reading_03.wav,child_80_sentence_03.wav,./audio/children/child_011/imitation/child_80_sentence_03.wav,reading_vs_imitation
80,4,child_80_reading_04.wav,./audio/children/child_011/reading/child_80_reading_04.wav,child_80_sentence_04.wav,./audio/children/child_011/imitation/child_80_sentence_04.wav,reading_vs_imitation
80,5,child_80_reading_05.wav,./audio/children/child_011/reading/child_80_reading_05.wav,child_80_sentence_05.wav,./audio/children/child_011/imitation/child_80_sentence_05.wav,reading_vs_imitation
80,6,child_80_reading_06.wav,./audio/children/child_011/reading/child_80_reading_06.wav,child_80_sentence_06.wav,./audio/children/child_011/imitation/child_80_sentence_06.wav,reading_vs_imitation
80,7,child_80_reading_07.wav,./audio/children/child_011/reading/child_80_reading_07.wav,child_80_sentence_07.wav,./audio/children/child_011/imitation/child_80_sentence_07.wav,reading_vs_imitation
80,8,child_80_reading_08.wav,./audio/children/child_011/reading/child_80_reading_08.wav,child_80_sentence_08.wav,./audio/children/child_011/imitation/child_80_sentence_08.wav,reading_vs_imitation
80,9,child_80_reading_09.wav,./audio/children/child_011/reading/child_80_reading_09.wav,child_80_sentence_09.wav,./audio/children/child_011/imitation/child_80_sentence_09.wav,reading_vs_imitation
80,10,child_80_reading_10.wav,./audio/children/child_011/reading/child_80_reading_10.wav,child_80_sentence_10.wav,./audio/children/child_011/imitation/child_80_sentence_10.wav,reading_vs_imitation
80,11,child_80_reading_11.wav,./audio/children/child_011/reading/child_80_reading_11.wav,child_80_sentence_11.wav,./audio/children/child_011/imitation/child_80_sentence_11.wav,reading_vs_imitation
80,12,child_80_reading_12.wav,./audio/children/child_011/reading/child_80_reading_12.wav,child_80_sentence_12.wav,./audio/children/child_011/imitation/child_80_sentence_12.wav,reading_vs_imitation
80,13,child_80_reading_13.wav,./audio/children/child_011/reading/child_80_reading_13.wav,child_80_sentence_13.wav,./audio/children/child_011/imitation/child_80_sentence_13.wav,reading_vs_imitation
80,14,child_80_reading_14.wav,./audio/children/child_011/reading/child_80_reading_14.wav,child_80_sentence_14.wav,./audio/children/child_011/imitation/child_80_sentence_14.wav,reading_vs_imitation
80,15,child_80_reading_15.wav,./audio/children/child_011/reading/child_80_reading_15.wav,child_80_sentence_15.wav,./audio/children/child_011/imitation/child_80_sentence_15.wav,reading_vs_imitation
80,16,child_80_reading_16.wav,./audio/children/child_011/reading/child_80_reading_16.wav,child_80_sentence_16.wav,./audio/children/child_011/imitation/child_80_sentence_16.wav,reading_vs_imitation
80,17,child_80_reading_17.wav,./audio/children/child_011/reading/child_80_reading_17.wav,child_80_sentence_17.wav,./audio/children/child_011/imitation/child_80_sentence_17.wav,reading_vs_imitation
80,18,child_80_reading_18.wav,./audio/children/child_011/reading/child_80_reading_18.wav,child_80_sentence_18.wav,./audio/children/child_011/imitation/child_80_sentence_18.wav,reading_vs_imitation
80,19,child_80_reading_19.wav,./audio/children/child_011/reading/child_80_reading_19.wav,child_80_sentence_19.wav,./audio/children/child_011/imitation/child_80_sentence_19.wav,reading_vs_imitation
80,20,child_80_reading_20.wav,./audio/children/child_011/reading/child_80_reading_20.wav,child_80_sentence_20.wav,./audio/children/child_011/imitation/child_80_sentence_20.wav,reading_vs_imitation
80,21,child_80_reading_21.wav,./audio/children/child_011/reading/child_80_reading_21.wav,child_80_sentence_21.wav,./audio/children/child_011/imitation/child_80_sentence_21.wav,reading_vs_imitation
80,22,child_80_reading_22.wav,./audio/children/child_011/reading/child_80_reading_22.wav,child_80_sentence_22.wav,./audio/children/child_011/imitation/child_80_sentence_22.wav,reading_vs_imitation
80,23,child_80_reading_23.wav,./audio/children/child_011/reading/child_80_reading_23.wav,child_80_sentence_23.wav,./audio/children/child_011/imitation/child_80_sentence_23.wav,reading_vs_imitation
80,24,child_80_reading_24.wav,./audio/children/child_011/reading/child_80_reading_24.wav,child_80_sentence_24.wav,./audio/children/child_011/imitation/child_80_sentence_24.wav,reading_vs_imitation
80,25,child_80_reading_25.wav,./audio/children/child_011/reading/child_80_reading_25.wav,child_80_sentence_25.wav,./audio/children/child_011/imitation/child_80_sentence_25.wav,reading_vs_imitation
80,26,child_80_reading_26.wav,./audio/children/child_011/reading/child_80_reading_26.wav,child_80_sentence_26.wav,./audio/children/child_011/imitation/child_80_sentence_26.wav,reading_vs_imitation
80,27,child_80_reading_27.wav,./audio/children/child_011/reading/child_80_reading_27.wav,child_80_sentence_27.wav,./audio/children/child_011/imitation/child_80_sentence_27.wav,reading_vs_imitation
80,28,child_80_reading_28.wav,./audio/children/child_011/reading/child_80_reading_28.wav,child_80_sentence_28.wav,./audio/children/child_011/imitation/child_80_sentence_28.wav,reading_vs_imitation
80,29,child_80_reading_29.wav,./audio/children/child_011/reading/child_80_reading_29.wav,child_80_sentence_29.wav,./audio/children/child_011/imitation/child_80_sentence_29.wav,reading_vs_imitation
81,1,child_81_reading_01.wav,./audio/children/child_012/reading/child_81_reading_01.wav,child_81_sentence_01.wav,./audio/children/child_012/imitation/child_81_sentence_01.wav,reading_vs_imitation
81,2,child_81_reading_02.wav,./audio/children/child_012/reading/child_81_reading_02.wav,child_81_sentence_02.wav,./audio/children/child_012/imitation/child_81_sentence_02.wav,reading_vs_imitation
81,3,child_81_reading_03.wav,./audio/children/child_012/reading/child_81_reading_03.wav,child_81_sentence_03.wav,./audio/children/child_012/imitation/child_81_sentence_03.wav,reading_vs_imitation
81,4,child_81_reading_04.wav,./audio/children/child_012/reading/child_81_reading_04.wav,child_81_sentence_04.wav,./audio/children/child_012/imitation/child_81_sentence_04.wav,reading_vs_imitation
81,5,child_81_reading_05.wav,./audio/children/child_012/reading/child_81_reading_05.wav,child_81_sentence_05.wav,./audio/children/child_012/imitation/child_81_sentence_05.wav,reading_vs_imitation
81,6,child_81_reading_06.wav,./audio/children/child_012/reading/child_81_reading_06.wav,child_81_sentence_06.wav,./audio/children/child_012/imitation/child_81_sentence_06.wav,reading_vs_imitation
81,7,child_81_reading_07.wav,./audio/children/child_012/reading/child_81_reading_07.wav,child_81_sentence_07.wav,./audio/children/child_012/imitation/child_81_sentence_07.wav,reading_vs_imitation
81,8,child_81_reading_08.wav,./audio/children/child_012/reading/child_81_reading_08.wav,child_81_sentence_08.wav,./audio/children/child_012/imitation/child_81_sentence_08.wav,reading_vs_imitation
81,9,child_81_reading_09.wav,./audio/children/child_012/reading/child_81_reading_09.wav,child_81_sentence_09.wav,./audio/children/child_012/imitation/child_81_sentence_09.wav,reading_vs_imitation
81,10,child_81_reading_10.wav,./audio/children/child_012/reading/child_81_reading_10.wav,child_81_sentence_10.wav,./audio/children/child_012/imitation/child_81_sentence_10.wav,reading_vs_imitation
81,11,child_81_reading_11.wav,./audio/children/child_012/reading/child_81_reading_11.wav,child_81_sentence_11.wav,./audio/children/child_012/imitation/child_81_sentence_11.wav,reading_vs_imitation
81,12,child_81_reading_12.wav,./audio/children/child_012/reading/child_81_reading_12.wav,child_81_sentence_12.wav,./audio/children/child_012/imitation/child_81_sentence_12.wav,reading_vs_imitation
81,13,child_81_reading_13.wav,./audio/children/child_012/reading/child_81_reading_13.wav,child_81_sentence_13.wav,./audio/children/child_012/imitation/child_81_sentence_13.wav,reading_vs_imitation
81,14,child_81_reading_14.wav,./audio/children/child_012/reading/child_81_reading_14.wav,child_81_sentence_14.wav,./audio/children/child_012/imitation/child_81_sentence_14.wav,reading_vs_imitation
81,15,child_81_reading_15.wav,./audio/children/child_012/reading/child_81_reading_15.wav,child_81_sentence_15.wav,./audio/children/child_012/imitation/child_81_sentence_15.wav,reading_vs_imitation
81,16,child_81_reading_16.wav,./audio/children/child_012/reading/child_81_reading_16.wav,child_81_sentence_16.wav,./audio/children/child_012/imitation/child_81_sentence_16.wav,reading_vs_imitation
81,17,child_81_reading_17.wav,./audio/children/child_012/reading/child_81_reading_17.wav,child_81_sentence_17.wav,./audio/children/child_012/imitation/child_81_sentence_17.wav,reading_vs_imitation
81,18,child_81_reading_18.wav,./audio/children/child_012/reading/child_81_reading_18.wav,child_81_sentence_18.wav,./audio/children/child_012/imitation/child_81_sentence_18.wav,reading_vs_imitation
81,19,child_81_reading_19.wav,./audio/children/child_012/reading/child_81_reading_19.wav,child_81_sentence_19.wav,./audio/children/child_012/imitation/child_81_sentence_19.wav,reading_vs_imitation
81,20,child_81_reading_20.wav,./audio/children/child_012/reading/child_81_reading_20.wav,child_81_sentence_20.wav,./audio/children/child_012/imitation/child_81_sentence_20.wav,reading_vs_imitation
81,21,child_81_reading_21.wav,./audio/children/child_012/reading/child_81_reading_21.wav,child_81_sentence_21.wav,./audio/children/child_012/imitation/child_81_sentence_21.wav,reading_vs_imitation
81,22,child_81_reading_22.wav,./audio/children/child_012/reading/child_81_reading_22.wav,child_81_sentence_22.wav,./audio/children/child_012/imitation/child_81_sentence_22.wav,reading_vs_imitation
81,23,child_81_reading_23.wav,./audio/children/child_012/reading/child_81_reading_23.wav,child_81_sentence_23.wav,./audio/children/child_012/imitation/child_81_sentence_23.wav,reading_vs_imitation
81,24,child_81_reading_24.wav,./audio/children/child_012/reading/child_81_reading_24.wav,child_81_sentence_24.wav,./audio/children/child_012/imitation/child_81_sentence_24.wav,reading_vs_imitation
81,25,child_81_reading_25.wav,./audio/children/child_012/reading/child_81_reading_25.wav,child_81_sentence_25.wav,./audio/children/child_012/imitation/child_81_sentence_25.wav,reading_vs_imitation
81,26,child_81_reading_26.wav,./audio/children/child_012/reading/child_81_reading_26.wav,child_81_sentence_26.wav,./audio/children/child_012/imitation/child_81_sentence_26.wav,reading_vs_imitation
81,27,child_81_reading_27.wav,./audio/children/child_012/reading/child_81_reading_27.wav,child_81_sentence_27.wav,./audio/children/child_012/imitation/child_81_sentence_27.wav,reading_vs_imitation
81,28,child_81_reading_28.wav,./audio/children/child_012/reading/child_81_reading_28.wav,child_81_sentence_28.wav,./audio/children/child_012/imitation/child_81_sentence_28.wav,reading_vs_imitation
81,29,child_81_reading_29.wav,./audio/children/child_012/reading/child_81_reading_29.wav,child_81_sentence_29.wav,./audio/children/child_012/imitation/child_81_sentence_29.wav,reading_vs_imitation
82,1,child_82_reading_01.wav,./audio/children/child_013/reading/child_82_reading_01.wav,child_82_sentence_01.wav,./audio/children/child_013/imitation/child_82_sentence_01.wav,reading_vs_imitation
82,2,child_82_reading_02.wav,./audio/children/child_013/reading/child_82_reading_02.wav,child_82_sentence_02.wav,./audio/children/child_013/imitation/child_82_sentence_02.wav,reading_vs_imitation
82,3,child_82_reading_03.wav,./audio/children/child_013/reading/child_82_reading_03.wav,child_82_sentence_03.wav,./audio/children/child_013/imitation/child_82_sentence_03.wav,reading_vs_imitation
82,4,child_82_reading_04.wav,./audio/children/child_013/reading/child_82_reading_04.wav,child_82_sentence_04.wav,./audio/children/child_013/imitation/child_82_sentence_04.wav,reading_vs_imitation
82,5,child_82_reading_05.wav,./audio/children/child_013/reading/child_82_reading_05.wav,child_82_sentence_05.wav,./audio/children/child_013/imitation/child_82_sentence_05.wav,reading_vs_imitation
82,6,child_82_reading_06.wav,./audio/children/child_013/reading/child_82_reading_06.wav,child_82_sentence_06.wav,./audio/children/child_013/imitation/child_82_sentence_06.wav,reading_vs_imitation
82,7,child_82_reading_07.wav,./audio/children/child_013/reading/child_82_reading_07.wav,child_82_sentence_07.wav,./audio/children/child_013/imitation/child_82_sentence_07.wav,reading_vs_imitation
82,8,child_82_reading_08.wav,./audio/children/child_013/reading/child_82_reading_08.wav,child_82_sentence_08.wav,./audio/children/child_013/imitation/child_82_sentence_08.wav,reading_vs_imitation
82,9,child_82_reading_09.wav,./audio/children/child_013/reading/child_82_reading_09.wav,child_82_sentence_09.wav,./audio/children/child_013/imitation/child_82_sentence_09.wav,reading_vs_imitation
82,10,child_82_reading_10.wav,./audio/children/child_013/reading/child_82_reading_10.wav,child_82_sentence_10.wav,./audio/children/child_013/imitation/child_82_sentence_10.wav,reading_vs_imitation
82,11,child_82_reading_11.wav,./audio/children/child_013/reading/child_82_reading_11.wav,child_82_sentence_11.wav,./audio/children/child_013/imitation/child_82_sentence_11.wav,reading_vs_imitation
82,12,child_82_reading_12.wav,./audio/children/child_013/reading/child_82_reading_12.wav,child_82_sentence_12.wav,./audio/children/child_013/imitation/child_82_sentence_12.wav,reading_vs_imitation
82,13,child_82_reading_13.wav,./audio/children/child_013/reading/child_82_reading_13.wav,child_82_sentence_13.wav,./audio/children/child_013/imitation/child_82_sentence_13.wav,reading_vs_imitation
82,14,child_82_reading_14.wav,./audio/children/child_013/reading/child_82_reading_14.wav,child_82_sentence_14.wav,./audio/children/child_013/imitation/child_82_sentence_14.wav,reading_vs_imitation
82,15,child_82_reading_15.wav,./audio/children/child_013/reading/child_82_reading_15.wav,child_82_sentence_15.wav,./audio/children/child_013/imitation/child_82_sentence_15.wav,reading_vs_imitation
82,16,child_82_reading_16.wav,./audio/children/child_013/reading/child_82_reading_16.wav,child_82_sentence_16.wav,./audio/children/child_013/imitation/child_82_sentence_16.wav,reading_vs_imitation
82,17,child_82_reading_17.wav,./audio/children/child_013/reading/child_82_reading_17.wav,child_82_sentence_17.wav,./audio/children/child_013/imitation/child_82_sentence_17.wav,reading_vs_imitation
82,18,child_82_reading_18.wav,./audio/children/child_013/reading/child_82_reading_18.wav,child_82_sentence_18.wav,./audio/children/child_013/imitation/child_82_sentence_18.wav,reading_vs_imitation
82,19,child_82_reading_19.wav,./audio/children/child_013/reading/child_82_reading_19.wav,child_82_sentence_19.wav,./audio/children/child_013/imitation/child_82_sentence_19.wav,reading_vs_imitation
82,20,child_82_reading_20.wav,./audio/children/child_013/reading/child_82_reading_20.wav,child_82_sentence_20.wav,./audio/children/child_013/imitation/child_82_sentence_20.wav,reading_vs_imitation
82,21,child_82_reading_21.wav,./audio/children/child_013/reading/child_82_reading_21.wav,child_82_sentence_21.wav,./audio/children/child_013/imitation/child_82_sentence_21.wav,reading_vs_imitation
82,22,child_82_reading_22.wav,./audio/children/child_013/reading/child_82_reading_22.wav,child_82_sentence_22.wav,./audio/children/child_013/imitation/child_82_sentence_22.wav,reading_vs_imitation
82,23,child_82_reading_23.wav,./audio/children/child_013/reading/child_82_reading_23.wav,child_82_sentence_23.wav,./audio/children/child_013/imitation/child_82_sentence_23.wav,reading_vs_imitation
82,24,child_82_reading_24.wav,./audio/children/child_013/reading/child_82_reading_24.wav,child_82_sentence_24.wav,./audio/children/child_013/imitation/child_82_sentence_24.wav,reading_vs_imitation
82,25,child_82_reading_25.wav,./audio/children/child_013/reading/child_82_reading_25.wav,child_82_sentence_25.wav,./audio/children/child_013/imitation/child_82_sentence_25.wav,reading_vs_imitation
82,26,child_82_reading_26.wav,./audio/children/child_013/reading/child_82_reading_26.wav,child_82_sentence_26.wav,./audio/children/child_013/imitation/child_82_sentence_26.wav,reading_vs_imitation
82,27,child_82_reading_27.wav,./audio/children/child_013/reading/child_82_reading_27.wav,child_82_sentence_27.wav,./audio/children/child_013/imitation/child_82_sentence_27.wav,reading_vs_imitation
82,28,child_82_reading_28.wav,./audio/children/child_013/reading/child_82_reading_28.wav,child_82_sentence_28.wav,./audio/children/child_013/imitation/child_82_sentence_28.wav,reading_vs_imitation
82,29,child_82_reading_29.wav,./audio/children/child_013/reading/child_82_reading_29.wav,child_82_sentence_29.wav,./audio/children/child_013/imitation/child_82_sentence_29.wav,reading_vs_imitation
83,1,child_83_reading_01.wav,./audio/children/child_014/reading/child_83_reading_01.wav,child_83_sentence_01.wav,./audio/children/child_014/imitation/child_83_sentence_01.wav,reading_vs_imitation
83,2,child_83_reading_02.wav,./audio/children/child_014/reading/child_83_reading_02.wav,child_83_sentence_02.wav,./audio/children/child_014/imitation/child_83_sentence_02.wav,reading_vs_imitation
83,3,child_83_reading_03.wav,./audio/children/child_014/reading/child_83_reading_03.wav,child_83_sentence_03.wav,./audio/children/child_014/imitation/child_83_sentence_03.wav,reading_vs_imitation
83,4,child_83_reading_04.wav,./audio/children/child_014/reading/child_83_reading_04.wav,child_83_sentence_04.wav,./audio/children/child_014/imitation/child_83_sentence_04.wav,reading_vs_imitation
83,5,child_83_reading_05.wav,./audio/children/child_014/reading/child_83_reading_05.wav,child_83_sentence_05.wav,./audio/children/child_014/imitation/child_83_sentence_05.wav,reading_vs_imitation
83,6,child_83_reading_06.wav,./audio/children/child_014/reading/child_83_reading_06.wav,child_83_sentence_06.wav,./audio/children/child_014/imitation/child_83_sentence_06.wav,reading_vs_imitation
83,7,child_83_reading_07.wav,./audio/children/child_014/reading/child_83_reading_07.wav,child_83_sentence_07.wav,./audio/children/child_014/imitation/child_83_sentence_07.wav,reading_vs_imitation
83,8,child_83_reading_08.wav,./audio/children/child_014/reading/child_83_reading_08.wav,child_83_sentence_08.wav,./audio/children/child_014/imitation/child_83_sentence_08.wav,reading_vs_imitation
83,9,child_83_reading_09.wav,./audio/children/child_014/reading/child_83_reading_09.wav,child_83_sentence_09.wav,./audio/children/child_014/imitation/child_83_sentence_09.wav,reading_vs_imitation
83,10,child_83_reading_10.wav,./audio/children/child_014/reading/child_83_reading_10.wav,child_83_sentence_10.wav,./audio/children/child_014/imitation/child_83_sentence_10.wav,reading_vs_imitation
83,11,child_83_reading_11.wav,./audio/children/child_014/reading/child_83_reading_11.wav,child_83_sentence_11.wav,./audio/children/child_014/imitation/child_83_sentence_11.wav,reading_vs_imitation
83,12,child_83_reading_12.wav,./audio/children/child_014/reading/child_83_reading_12.wav,child_83_sentence_12.wav,./audio/children/child_014/imitation/child_83_sentence_12.wav,reading_vs_imitation
83,13,child_83_reading_13.wav,./audio/children/child_014/reading/child_83_reading_13.wav,child_83_sentence_13.wav,./audio/children/child_014/imitation/child_83_sentence_13.wav,reading_vs_imitation
83,14,child_83_reading_14.wav,./audio/children/child_014/reading/child_83_reading_14.wav,child_83_sentence_14.wav,./audio/children/child_014/imitation/child_83_sentence_14.wav,reading_vs_imitation
83,15,child_83_reading_15.wav,./audio/children/child_014/reading/child_83_reading_15.wav,child_83_sentence_15.wav,./audio/children/child_014/imitation/child_83_sentence_15.wav,reading_vs_imitation
83,16,child_83_reading_16.wav,./audio/children/child_014/reading/child_83_reading_16.wav,child_83_sentence_16.wav,./audio/children/child_014/imitation/child_83_sentence_16.wav,reading_vs_imitation
83,17,child_83_reading_17.wav,./audio/children/child_014/reading/child_83_reading_17.wav,child_83_sentence_17.wav,./audio/children/child_014/imitation/child_83_sentence_17.wav,reading_vs_imitation
83,18,child_83_reading_18.wav,./audio/children/child_014/reading/child_83_reading_18.wav,child_83_sentence_18.wav,./audio/children/child_014/imitation/child_83_sentence_18.wav,reading_vs_imitation
83,19,child_83_reading_19.wav,./audio/children/child_014/reading/child_83_reading_19.wav,child_83_sentence_19.wav,./audio/children/child_014/imitation/child_83_sentence_19.wav,reading_vs_imitation
83,20,child_83_reading_20.wav,./audio/children/child_014/reading/child_83_reading_20.wav,child_83_sentence_20.wav,./audio/children/child_014/imitation/child_83_sentence_20.wav,reading_vs_imitation
83,21,child_83_reading_21.wav,./audio/children/child_014/reading/child_83_reading_21.wav,child_83_sentence_21.wav,./audio/children/child_014/imitation/child_83_sentence_21.wav,reading_vs_imitation
83,22,child_83_reading_22.wav,./audio/children/child_014/reading/child_83_reading_22.wav,child_83_sentence_22.wav,./audio/children/child_014/imitation/child_83_sentence_22.wav,reading_vs_imitation
83,23,child_83_reading_23.wav,./audio/children/child_014/reading/child_83_reading_23.wav,child_83_sentence_23.wav,./audio/children/child_014/imitation/child_83_sentence_23.wav,reading_vs_imitation
83,24,child_83_reading_24.wav,./audio/children/child_014/reading/child_83_reading_24.wav,child_83_sentence_24.wav,./audio/children/child_014/imitation/child_83_sentence_24.wav,reading_vs_imitation
83,25,child_83_reading_25.wav,./audio/children/child_014/reading/child_83_reading_25.wav,child_83_sentence_25.wav,./audio/children/child_014/imitation/child_83_sentence_25.wav,reading_vs_imitation
83,26,child_83_reading_26.wav,./audio/children/child_014/reading/child_83_reading_26.wav,child_83_sentence_26.wav,./audio/children/child_014/imitation/child_83_sentence_26.wav,reading_vs_imitation
83,27,child_83_reading_27.wav,./audio/children/child_014/reading/child_83_reading_27.wav,child_83_sentence_27.wav,./audio/children/child_014/imitation/child_83_sentence_27.wav,reading_vs_imitation
83,28,child_83_reading_28.wav,./audio/children/child_014/reading/child_83_reading_28.wav,child_83_sentence_28.wav,./audio/children/child_014/imitation/child_83_sentence_28.wav,reading_vs_imitation
83,29,child_83_reading_29.wav,./audio/children/child_014/reading/child_83_reading_29.wav,child_83_sentence_29.wav,./audio/children/child_014/imitation/child_83_sentence_29.wav,reading_vs_imitation
84,1,child_84_reading_01.wav,./audio/children/child_015/reading/child_84_reading_01.wav,child_84_sentence_01.wav,./audio/children/child_015/imitation/child_84_sentence_01.wav,reading_vs_imitation
84,2,child_84_reading_02.wav,./audio/children/child_015/reading/child_84_reading_02.wav,child_84_sentence_02.wav,./audio/children/child_015/imitation/child_84_sentence_02.wav,reading_vs_imitation
84,3,child_84_reading_03.wav,./audio/children/child_015/reading/child_84_reading_03.wav,child_84_sentence_03.wav,./audio/children/child_015/imitation/child_84_sentence_03.wav,reading_vs_imitation
84,4,child_84_reading_04.wav,./audio/children/child_015/reading/child_84_reading_04.wav,child_84_sentence_04.wav,./audio/children/child_015/imitation/child_84_sentence_04.wav,reading_vs_imitation
84,5,child_84_reading_05.wav,./audio/children/child_015/reading/child_84_reading_05.wav,child_84_sentence_05.wav,./audio/children/child_015/imitation/child_84_sentence_05.wav,reading_vs_imitation
84,6,child_84_reading_06.wav,./audio/children/child_015/reading/child_84_reading_06.wav,child_84_sentence_06.wav,./audio/children/child_015/imitation/child_84_sentence_06.wav,reading_vs_imitation
84,7,child_84_reading_07.wav,./audio/children/child_015/reading/child_84_reading_07.wav,child_84_sentence_07.wav,./audio/children/child_015/imitation/child_84_sentence_07.wav,reading_vs_imitation
84,8,child_84_reading_08.wav,./audio/children/child_015/reading/child_84_reading_08.wav,child_84_sentence_08.wav,./audio/children/child_015/imitation/child_84_sentence_08.wav,reading_vs_imitation
84,9,child_84_reading_09.wav,./audio/children/child_015/reading/child_84_reading_09.wav,child_84_sentence_09.wav,./audio/children/child_015/imitation/child_84_sentence_09.wav,reading_vs_imitation
84,10,child_84_reading_10.wav,./audio/children/child_015/reading/child_84_reading_10.wav,child_84_sentence_10.wav,./audio/children/child_015/imitation/child_84_sentence_10.wav,reading_vs_imitation
84,11,child_84_reading_11.wav,./audio/children/child_015/reading/child_84_reading_11.wav,child_84_sentence_11.wav,./audio/children/child_015/imitation/child_84_sentence_11.wav,reading_vs_imitation
84,12,child_84_reading_12.wav,./audio/children/child_015/reading/child_84_reading_12.wav,child_84_sentence_12.wav,./audio/children/child_015/imitation/child_84_sentence_12.wav,reading_vs_imitation
84,13,child_84_reading_13.wav,./audio/children/child_015/reading/child_84_reading_13.wav,child_84_sentence_13.wav,./audio/children/child_015/imitation/child_84_sentence_13.wav,reading_vs_imitation
84,14,child_84_reading_14.wav,./audio/children/child_015/reading/child_84_reading_14.wav,child_84_sentence_14.wav,./audio/children/child_015/imitation/child_84_sentence_14.wav,reading_vs_imitation
84,15,child_84_reading_15.wav,./audio/children/child_015/reading/child_84_reading_15.wav,child_84_sentence_15.wav,./audio/children/child_015/imitation/child_84_sentence_15.wav,reading_vs_imitation
84,16,child_84_reading_16.wav,./audio/children/child_015/reading/child_84_reading_16.wav,child_84_sentence_16.wav,./audio/children/child_015/imitation/child_84_sentence_16.wav,reading_vs_imitation
84,17,child_84_reading_17.wav,./audio/children/child_015/reading/child_84_reading_17.wav,child_84_sentence_17.wav,./audio/children/child_015/imitation/child_84_sentence_17.wav,reading_vs_imitation
84,18,child_84_reading_18.wav,./audio/children/child_015/reading/child_84_reading_18.wav,child_84_sentence_18.wav,./audio/children/child_015/imitation/child_84_sentence_18.wav,reading_vs_imitation
84,19,child_84_reading_19.wav,./audio/children/child_015/reading/child_84_reading_19.wav,child_84_sentence_19.wav,./audio/children/child_015/imitation/child_84_sentence_19.wav,reading_vs_imitation
84,20,child_84_reading_20.wav,./audio/children/child_015/reading/child_84_reading_20.wav,child_84_sentence_20.wav,./audio/children/child_015/imitation/child_84_sentence_20.wav,reading_vs_imitation
84,21,child_84_reading_21.wav,./audio/children/child_015/reading/child_84_reading_21.wav,child_84_sentence_21.wav,./audio/children/child_015/imitation/child_84_sentence_21.wav,reading_vs_imitation
84,22,child_84_reading_22.wav,./audio/children/child_015/reading/child_84_reading_22.wav,child_84_sentence_22.wav,./audio/children/child_015/imitation/child_84_sentence_22.wav,reading_vs_imitation
84,23,child_84_reading_23.wav,./audio/children/child_015/reading/child_84_reading_23.wav,child_84_sentence_23.wav,./audio/children/child_015/imitation/child_84_sentence_23.wav,reading_vs_imitation
84,24,child_84_reading_24.wav,./audio/children/child_015/reading/child_84_reading_24.wav,child_84_sentence_24.wav,./audio/children/child_015/imitation/child_84_sentence_24.wav,reading_vs_imitation
84,25,child_84_reading_25.wav,./audio/children/child_015/reading/child_84_reading_25.wav,child_84_sentence_25.wav,./audio/children/child_015/imitation/child_84_sentence_25.wav,reading_vs_imitation
84,26,child_84_reading_26.wav,./audio/children/child_015/reading/child_84_reading_26.wav,child_84_sentence_26.wav,./audio/children/child_015/imitation/child_84_sentence_26.wav,reading_vs_imitation
84,27,child_84_reading_27.wav,./audio/children/child_015/reading/child_84_reading_27.wav,child_84_sentence_27.wav,./audio/children/child_015/imitation/child_84_sentence_27.wav,reading_vs_imitation
84,28,child_84_reading_28.wav,./audio/children/child_015/reading/child_84_reading_28.wav,child_84_sentence_28.wav,./audio/children/child_015/imitation/child_84_sentence_28.wav,reading_vs_imitation
84,29,child_84_reading_29.wav,./audio/children/child_015/reading/child_84_reading_29.wav,child_84_sentence_29.wav,./audio/children/child_015/imitation/child_84_sentence_29.wav,reading_vs_imitation
85,1,child_85_reading_01.wav,./audio/children/child_016/reading/child_85_reading_01.wav,child_85_sentence_01.wav,./audio/children/child_016/imitation/child_85_sentence_01.wav,reading_vs_imitation
85,2,child_85_reading_02.wav,./audio/children/child_016/reading/child_85_reading_02.wav,child_85_sentence_02.wav,./audio/children/child_016/imitation/child_85_sentence_02.wav,reading_vs_imitation
85,3,child_85_reading_03.wav,./audio/children/child_016/reading/child_85_reading_03.wav,child_85_sentence_03.wav,./audio/children/child_016/imitation/child_85_sentence_03.wav,reading_vs_imitation
85,4,child_85_reading_04.wav,./audio/children/child_016/reading/child_85_reading_04.wav,child_85_sentence_04.wav,./audio/children/child_016/imitation/child_85_sentence_04.wav,reading_vs_imitation
85,5,child_85_reading_05.wav,./audio/children/child_016/reading/child_85_reading_05.wav,child_85_sentence_05.wav,./audio/children/child_016/imitation/child_85_sentence_05.wav,reading_vs_imitation
85,6,child_85_reading_06.wav,./audio/children/child_016/reading/child_85_reading_06.wav,child_85_sentence_06.wav,./audio/children/child_016/imitation/child_85_sentence_06.wav,reading_vs_imitation
85,7,child_85_reading_07.wav,./audio/children/child_016/reading/child_85_reading_07.wav,child_85_sentence_07.wav,./audio/children/child_016/imitation/child_85_sentence_07.wav,reading_vs_imitation
85,8,child_85_reading_08.wav,./audio/children/child_016/reading/child_85_reading_08.wav,child_85_sentence_08.wav,./audio/children/child_016/imitation/child_85_sentence_08.wav,reading_vs_imitation
85,9,child_85_reading_09.wav,./audio/children/child_016/reading/child_85_reading_09.wav,child_85_sentence_09.wav,./audio/children/child_016/imitation/child_85_sentence_09.wav,reading_vs_imitation
85,10,child_85_reading_10.wav,./audio/children/child_016/reading/child_85_reading_10.wav,child_85_sentence_10.wav,./audio/children/child_016/imitation/child_85_sentence_10.wav,reading_vs_imitation
85,11,child_85_reading_11.wav,./audio/children/child_016/reading/child_85_reading_11.wav,child_85_sentence_11.wav,./audio/children/child_016/imitation/child_85_sentence_11.wav,reading_vs_imitation
85,12,child_85_reading_12.wav,./audio/children/child_016/reading/child_85_reading_12.wav,child_85_sentence_12.wav,./audio/children/child_016/imitation/child_85_sentence_12.wav,reading_vs_imitation
85,13,child_85_reading_13.wav,./audio/children/child_016/reading/child_85_reading_13.wav,child_85_sentence_13.wav,./audio/children/child_016/imitation/child_85_sentence_13.wav,reading_vs_imitation
85,14,child_85_reading_14.wav,./audio/children/child_016/reading/child_85_reading_14.wav,child_85_sentence_14.wav,./audio/children/child_016/imitation/child_85_sentence_14.wav,reading_vs_imitation
85,15,child_85_reading_15.wav,./audio/children/child_016/reading/child_85_reading_15.wav,child_85_sentence_15.wav,./audio/children/child_016/imitation/child_85_sentence_15.wav,reading_vs_imitation
85,16,child_85_reading_16.wav,./audio/children/child_016/reading/child_85_reading_16.wav,child_85_sentence_16.wav,./audio/children/child_016/imitation/child_85_sentence_16.wav,reading_vs_imitation
85,17,child_85_reading_17.wav,./audio/children/child_016/reading/child_85_reading_17.wav,child_85_sentence_17.wav,./audio/children/child_016/imitation/child_85_sentence_17.wav,reading_vs_imitation
85,18,child_85_reading_18.wav,./audio/children/child_016/reading/child_85_reading_18.wav,child_85_sentence_18.wav,./audio/children/child_016/imitation/child_85_sentence_18.wav,reading_vs_imitation
85,19,child_85_reading_19.wav,./audio/children/child_016/reading/child_85_reading_19.wav,child_85_sentence_19.wav,./audio/children/child_016/imitation/child_85_sentence_19.wav,reading_vs_imitation
85,20,child_85_reading_20.wav,./audio/children/child_016/reading/child_85_reading_20.wav,child_85_sentence_20.wav,./audio/children/child_016/imitation/child_85_sentence_20.wav,reading_vs_imitation
85,21,child_85_reading_21.wav,./audio/children/child_016/reading/child_85_reading_21.wav,child_85_sentence_21.wav,./audio/children/child_016/imitation/child_85_sentence_21.wav,reading_vs_imitation
85,22,child_85_reading_22.wav,./audio/children/child_016/reading/child_85_reading_22.wav,child_85_sentence_22.wav,./audio/children/child_016/imitation/child_85_sentence_22.wav,reading_vs_imitation
85,23,child_85_reading_23.wav,./audio/children/child_016/reading/child_85_reading_23.wav,child_85_sentence_23.wav,./audio/children/child_016/imitation/child_85_sentence_23.wav,reading_vs_imitation
85,24,child_85_reading_24.wav,./audio/children/child_016/reading/child_85_reading_24.wav,child_85_sentence_24.wav,./audio/children/child_016/imitation/child_85_sentence_24.wav,reading_vs_imitation
85,25,child_85_reading_25.wav,./audio/children/child_016/reading/child_85_reading_25.wav,child_85_sentence_25.wav,./audio/children/child_016/imitation/child_85_sentence_25.wav,reading_vs_imitation
85,26,child_85_reading_26.wav,./audio/children/child_016/reading/child_85_reading_26.wav,child_85_sentence_26.wav,./audio/children/child_016/imitation/child_85_sentence_26.wav,reading_vs_imitation
85,27,child_85_reading_27.wav,./audio/children/child_016/reading/child_85_reading_27.wav,child_85_sentence_27.wav,./audio/children/child_016/imitation/child_85_sentence_27.wav,reading_vs_imitation
85,28,child_85_reading_28.wav,./audio/children/child_016/reading/child_85_reading_28.wav,child_85_sentence_28.wav,./audio/children/child_016/imitation/child_85_sentence_28.wav,reading_vs_imitation
85,29,child_85_reading_29.wav,./audio/children/child_016/reading/child_85_reading_29.wav,child_85_sentence_29.wav,./audio/children/child_016/imitation/child_85_sentence_29.wav,reading_vs_imitation
86,1,child_86_reading_01.wav,./audio/children/child_017/reading/child_86_reading_01.wav,child_86_sentence_01.wav,./audio/children/child_017/imitation/child_86_sentence_01.wav,reading_vs_imitation
86,2,child_86_reading_02.wav,./audio/children/child_017/reading/child_86_reading_02.wav,child_86_sentence_02.wav,./audio/children/child_017/imitation/child_86_sentence_02.wav,reading_vs_imitation
86,3,child_86_reading_03.wav,./audio/children/child_017/reading/child_86_reading_03.wav,child_86_sentence_03.wav,./audio/children/child_017/imitation/child_86_sentence_03.wav,reading_vs_imitation
86,4,child_86_reading_04.wav,./audio/children/child_017/reading/child_86_reading_04.wav,child_86_sentence_04.wav,./audio/children/child_017/imitation/child_86_sentence_04.wav,reading_vs_imitation
86,5,child_86_reading_05.wav,./audio/children/child_017/reading/child_86_reading_05.wav,child_86_sentence_05.wav,./audio/children/child_017/imitation/child_86_sentence_05.wav,reading_vs_imitation
86,6,child_86_reading_06.wav,./audio/children/child_017/reading/child_86_reading_06.wav,child_86_sentence_06.wav,./audio/children/child_017/imitation/child_86_sentence_06.wav,reading_vs_imitation
86,7,child_86_reading_07.wav,./audio/children/child_017/reading/child_86_reading_07.wav,child_86_sentence_07.wav,./audio/children/child_017/imitation/child_86_sentence_07.wav,reading_vs_imitation
86,8,child_86_reading_08.wav,./audio/children/child_017/reading/child_86_reading_08.wav,child_86_sentence_08.wav,./audio/children/child_017/imitation/child_86_sentence_08.wav,reading_vs_imitation
86,9,child_86_reading_09.wav,./audio/children/child_017/reading/child_86_reading_09.wav,child_86_sentence_09.wav,./audio/children/child_017/imitation/child_86_sentence_09.wav,reading_vs_imitation
86,10,child_86_reading_10.wav,./audio/children/child_017/reading/child_86_reading_10.wav,child_86_sentence_10.wav,./audio/children/child_017/imitation/child_86_sentence_10.wav,reading_vs_imitation
86,11,child_86_reading_11.wav,./audio/children/child_017/reading/child_86_reading_11.wav,child_86_sentence_11.wav,./audio/children/child_017/imitation/child_86_sentence_11.wav,reading_vs_imitation
86,12,child_86_reading_12.wav,./audio/children/child_017/reading/child_86_reading_12.wav,child_86_sentence_12.wav,./audio/children/child_017/imitation/child_86_sentence_12.wav,reading_vs_imitation
86,13,child_86_reading_13.wav,./audio/children/child_017/reading/child_86_reading_13.wav,child_86_sentence_13.wav,./audio/children/child_017/imitation/child_86_sentence_13.wav,reading_vs_imitation
86,14,child_86_reading_14.wav,./audio/children/child_017/reading/child_86_reading_14.wav,child_86_sentence_14.wav,./audio/children/child_017/imitation/child_86_sentence_14.wav,reading_vs_imitation
86,15,child_86_reading_15.wav,./audio/children/child_017/reading/child_86_reading_15.wav,child_86_sentence_15.wav,./audio/children/child_017/imitation/child_86_sentence_15.wav,reading_vs_imitation
86,16,child_86_reading_16.wav,./audio/children/child_017/reading/child_86_reading_16.wav,child_86_sentence_16.wav,./audio/children/child_017/imitation/child_86_sentence_16.wav,reading_vs_imitation
86,17,child_86_reading_17.wav,./audio/children/child_017/reading/child_86_reading_17.wav,child_86_sentence_17.wav,./audio/children/child_017/imitation/child_86_sentence_17.wav,reading_vs_imitation
86,18,child_86_reading_18.wav,./audio/children/child_017/reading/child_86_reading_18.wav,child_86_sentence_18.wav,./audio/children/child_017/imitation/child_86_sentence_18.wav,reading_vs_imitation
86,19,child_86_reading_19.wav,./audio/children/child_017/reading/child_86_reading_19.wav,child_86_sentence_19.wav,./audio/children/child_017/imitation/child_86_sentence_19.wav,reading_vs_imitation
86,20,child_86_reading_20.wav,./audio/children/child_017/reading/child_86_reading_20.wav,child_86_sentence_20.wav,./audio/children/child_017/imitation/child_86_sentence_20.wav,reading_vs_imitation
86,21,child_86_reading_21.wav,./audio/children/child_017/reading/child_86_reading_21.wav,child_86_sentence_21.wav,./audio/children/child_017/imitation/child_86_sentence_21.wav,reading_vs_imitation
86,22,child_86_reading_22.wav,./audio/children/child_017/reading/child_86_reading_22.wav,child_86_sentence_22.wav,./audio/children/child_017/imitation/child_86_sentence_22.wav,reading_vs_imitation
86,23,child_86_reading_23.wav,./audio/children/child_017/reading/child_86_reading_23.wav,child_86_sentence_23.wav,./audio/children/child_017/imitation/child_86_sentence_23.wav,reading_vs_imitation
86,24,child_86_reading_24.wav,./audio/children/child_017/reading/child_86_reading_24.wav,child_86_sentence_24.wav,./audio/children/child_017/imitation/child_86_sentence_24.wav,reading_vs_imitation
86,25,child_86_reading_25.wav,./audio/children/child_017/reading/child_86_reading_25.wav,child_86_sentence_25.wav,./audio/children/child_017/imitation/child_86_sentence_25.wav,reading_vs_imitation
86,26,child_86_reading_26.wav,./audio/children/child_017/reading/child_86_reading_26.wav,child_86_sentence_26.wav,./audio/children/child_017/imitation/child_86_sentence_26.wav,reading_vs_imitation
86,27,child_86_reading_27.wav,./audio/children/child_017/reading/child_86_reading_27.wav,child_86_sentence_27.wav,./audio/children/child_017/imitation/child_86_sentence_27.wav,reading_vs_imitation
86,28,child_86_reading_28.wav,./audio/children/child_017/reading/child_86_reading_28.wav,child_86_sentence_28.wav,./audio/children/child_017/imitation/child_86_sentence_28.wav,reading_vs_imitation
86,29,child_86_reading_29.wav,./audio/children/child_017/reading/child_86_reading_29.wav,child_86_sentence_29.wav,./audio/children/child_017/imitation/child_86_sentence_29.wav,reading_vs_imitation
87,1,child_87_reading_01.wav,./audio/children/child_018/reading/child_87_reading_01.wav,child_87_sentence_01.wav,./audio/children/child_018/imitation/child_87_sentence_01.wav,reading_vs_imitation
87,2,child_87_reading_02.wav,./audio/children/child_018/reading/child_87_reading_02.wav,child_87_sentence_02.wav,./audio/children/child_018/imitation/child_87_sentence_02.wav,reading_vs_imitation
87,3,child_87_reading_03.wav,./audio/children/child_018/reading/child_87_reading_03.wav,child_87_sentence_03.wav,./audio/children/child_018/imitation/child_87_sentence_03.wav,reading_vs_imitation
87,4,child_87_reading_04.wav,./audio/children/child_018/reading/child_87_reading_04.wav,child_87_sentence_04.wav,./audio/children/child_018/imitation/child_87_sentence_04.wav,reading_vs_imitation
87,5,child_87_reading_05.wav,./audio/children/child_018/reading/child_87_reading_05.wav,child_87_sentence_05.wav,./audio/children/child_018/imitation/child_87_sentence_05.wav,reading_vs_imitation
87,6,child_87_reading_06.wav,./audio/children/child_018/reading/child_87_reading_06.wav,child_87_sentence_06.wav,./audio/children/child_018/imitation/child_87_sentence_06.wav,reading_vs_imitation
87,7,child_87_reading_07.wav,./audio/children/child_018/reading/child_87_reading_07.wav,child_87_sentence_07.wav,./audio/children/child_018/imitation/child_87_sentence_07.wav,reading_vs_imitation
87,8,child_87_reading_08.wav,./audio/children/child_018/reading/child_87_reading_08.wav,child_87_sentence_08.wav,./audio/children/child_018/imitation/child_87_sentence_08.wav,reading_vs_imitation
87,9,child_87_reading_09.wav,./audio/children/child_018/reading/child_87_reading_09.wav,child_87_sentence_09.wav,./audio/children/child_018/imitation/child_87_sentence_09.wav,reading_vs_imitation
87,10,child_87_reading_10.wav,./audio/children/child_018/reading/child_87_reading_10.wav,child_87_sentence_10.wav,./audio/children/child_018/imitation/child_87_sentence_10.wav,reading_vs_imitation
87,11,child_87_reading_11.wav,./audio/children/child_018/reading/child_87_reading_11.wav,child_87_sentence_11.wav,./audio/children/child_018/imitation/child_87_sentence_11.wav,reading_vs_imitation
87,12,child_87_reading_12.wav,./audio/children/child_018/reading/child_87_reading_12.wav,child_87_sentence_12.wav,./audio/children/child_018/imitation/child_87_sentence_12.wav,reading_vs_imitation
87,13,child_87_reading_13.wav,./audio/children/child_018/reading/child_87_reading_13.wav,child_87_sentence_13.wav,./audio/children/child_018/imitation/child_87_sentence_13.wav,reading_vs_imitation
87,14,child_87_reading_14.wav,./audio/children/child_018/reading/child_87_reading_14.wav,child_87_sentence_14.wav,./audio/children/child_018/imitation/child_87_sentence_14.wav,reading_vs_imitation
87,15,child_87_reading_15.wav,./audio/children/child_018/reading/child_87_reading_15.wav,child_87_sentence_15.wav,./audio/children/child_018/imitation/child_87_sentence_15.wav,reading_vs_imitation
87,16,child_87_reading_16.wav,./audio/children/child_018/reading/child_87_reading_16.wav,child_87_sentence_16.wav,./audio/children/child_018/imitation/child_87_sentence_16.wav,reading_vs_imitation
87,17,child_87_reading_17.wav,./audio/children/child_018/reading/child_87_reading_17.wav,child_87_sentence_17.wav,./audio/children/child_018/imitation/child_87_sentence_17.wav,reading_vs_imitation
87,18,child_87_reading_18.wav,./audio/children/child_018/reading/child_87_reading_18.wav,child_87_sentence_18.wav,./audio/children/child_018/imitation/child_87_sentence_18.wav,reading_vs_imitation
87,19,child_87_reading_19.wav,./audio/children/child_018/reading/child_87_reading_19.wav,child_87_sentence_19.wav,./audio/children/child_018/imitation/child_87_sentence_19.wav,reading_vs_imitation
87,20,child_87_reading_20.wav,./audio/children/child_018/reading/child_87_reading_20.wav,child_87_sentence_20.wav,./audio/children/child_018/imitation/child_87_sentence_20.wav,reading_vs_imitation
87,21,child_87_reading_21.wav,./audio/children/child_018/reading/child_87_reading_21.wav,child_87_sentence_21.wav,./audio/children/child_018/imitation/child_87_sentence_21.wav,reading_vs_imitation
87,22,child_87_reading_22.wav,./audio/children/child_018/reading/child_87_reading_22.wav,child_87_sentence_22.wav,./audio/children/child_018/imitation/child_87_sentence_22.wav,reading_vs_imitation
87,23,child_87_reading_23.wav,./audio/children/child_018/reading/child_87_reading_23.wav,child_87_sentence_23.wav,./audio/children/child_018/imitation/child_87_sentence_23.wav,reading_vs_imitation
87,24,child_87_reading_24.wav,./audio/children/child_018/reading/child_87_reading_24.wav,child_87_sentence_24.wav,./audio/children/child_018/imitation/child_87_sentence_24.wav,reading_vs_imitation
87,25,child_87_reading_25.wav,./audio/children/child_018/reading/child_87_reading_25.wav,child_87_sentence_25.wav,./audio/children/child_018/imitation/child_87_sentence_25.wav,reading_vs_imitation
87,26,child_87_reading_26.wav,./audio/children/child_018/reading/child_87_reading_26.wav,child_87_sentence_26.wav,./audio/children/child_018/imitation/child_87_sentence_26.wav,reading_vs_imitation
87,27,child_87_reading_27.wav,./audio/children/child_018/reading/child_87_reading_27.wav,child_87_sentence_27.wav,./audio/children/child_018/imitation/child_87_sentence_27.wav,reading_vs_imitation
87,28,child_87_reading_28.wav,./audio/children/child_018/reading/child_87_reading_28.wav,child_87_sentence_28.wav,./audio/children/child_018/imitation/child_87_sentence_28.wav,reading_vs_imitation
87,29,child_87_reading_29.wav,./audio/children/child_018/reading/child_87_reading_29.wav,child_87_sentence_29.wav,./audio/children/child_018/imitation/child_87_sentence_29.wav,reading_vs_imitation
88,1,child_88_reading_01.wav,./audio/children/child_019/reading/child_88_reading_01.wav,child_88_sentence_01.wav,./audio/children/child_019/imitation/child_88_sentence_01.wav,reading_vs_imitation
88,2,child_88_reading_02.wav,./audio/children/child_019/reading/child_88_reading_02.wav,child_88_sentence_02.wav,./audio/children/child_019/imitation/child_88_sentence_02.wav,reading_vs_imitation
88,3,child_88_reading_03.wav,./audio/children/child_019/reading/child_88_reading_03.wav,child_88_sentence_03.wav,./audio/children/child_019/imitation/child_88_sentence_03.wav,reading_vs_imitation
88,4,child_88_reading_04.wav,./audio/children/child_019/reading/child_88_reading_04.wav,child_88_sentence_04.wav,./audio/children/child_019/imitation/child_88_sentence_04.wav,reading_vs_imitation
88,5,child_88_reading_05.wav,./audio/children/child_019/reading/child_88_reading_05.wav,child_88_sentence_05.wav,./audio/children/child_019/imitation/child_88_sentence_05.wav,reading_vs_imitation
88,6,child_88_reading_06.wav,./audio/children/child_019/reading/child_88_reading_06.wav,child_88_sentence_06.wav,./audio/children/child_019/imitation/child_88_sentence_06.wav,reading_vs_imitation
88,7,child_88_reading_07.wav,./audio/children/child_019/reading/child_88_reading_07.wav,child_88_sentence_07.wav,./audio/children/child_019/imitation/child_88_sentence_07.wav,reading_vs_imitation
88,8,child_88_reading_08.wav,./audio/children/child_019/reading/child_88_reading_08.wav,child_88_sentence_08.wav,./audio/children/child_019/imitation/child_88_sentence_08.wav,reading_vs_imitation
88,9,child_88_reading_09.wav,./audio/children/child_019/reading/child_88_reading_09.wav,child_88_sentence_09.wav,./audio/children/child_019/imitation/child_88_sentence_09.wav,reading_vs_imitation
88,10,child_88_reading_10.wav,./audio/children/child_019/reading/child_88_reading_10.wav,child_88_sentence_10.wav,./audio/children/child_019/imitation/child_88_sentence_10.wav,reading_vs_imitation
88,11,child_88_reading_11.wav,./audio/children/child_019/reading/child_88_reading_11.wav,child_88_sentence_11.wav,./audio/children/child_019/imitation/child_88_sentence_11.wav,reading_vs_imitation
88,12,child_88_reading_12.wav,./audio/children/child_019/reading/child_88_reading_12.wav,child_88_sentence_12.wav,./audio/children/child_019/imitation/child_88_sentence_12.wav,reading_vs_imitation
88,13,child_88_reading_13.wav,./audio/children/child_019/reading/child_88_reading_13.wav,child_88_sentence_13.wav,./audio/children/child_019/imitation/child_88_sentence_13.wav,reading_vs_imitation
88,14,child_88_reading_14.wav,./audio/children/child_019/reading/child_88_reading_14.wav,child_88_sentence_14.wav,./audio/children/child_019/imitation/child_88_sentence_14.wav,reading_vs_imitation
88,15,child_88_reading_15.wav,./audio/children/child_019/reading/child_88_reading_15.wav,child_88_sentence_15.wav,./audio/children/child_019/imitation/child_88_sentence_15.wav,reading_vs_imitation
88,16,child_88_reading_16.wav,./audio/children/child_019/reading/child_88_reading_16.wav,child_88_sentence_16.wav,./audio/children/child_019/imitation/child_88_sentence_16.wav,reading_vs_imitation
88,17,child_88_reading_17.wav,./audio/children/child_019/reading/child_88_reading_17.wav,child_88_sentence_17.wav,./audio/children/child_019/imitation/child_88_sentence_17.wav,reading_vs_imitation
88,18,child_88_reading_18.wav,./audio/children/child_019/reading/child_88_reading_18.wav,child_88_sentence_18.wav,./audio/children/child_019/imitation/child_88_sentence_18.wav,reading_vs_imitation
88,19,child_88_reading_19.wav,./audio/children/child_019/reading/child_88_reading_19.wav,child_88_sentence_19.wav,./audio/children/child_019/imitation/child_88_sentence_19.wav,reading_vs_imitation
88,20,child_88_reading_20.wav,./audio/children/child_019/reading/child_88_reading_20.wav,child_88_sentence_20.wav,./audio/children/child_019/imitation/child_88_sentence_20.wav,reading_vs_imitation
88,21,child_88_reading_21.wav,./audio/children/child_019/reading/child_88_reading_21.wav,child_88_sentence_21.wav,./audio/children/child_019/imitation/child_88_sentence_21.wav,reading_vs_imitation
88,22,child_88_reading_22.wav,./audio/children/child_019/reading/child_88_reading_22.wav,child_88_sentence_22.wav,./audio/children/child_019/imitation/child_88_sentence_22.wav,reading_vs_imitation
88,23,child_88_reading_23.wav,./audio/children/child_019/reading/child_88_reading_23.wav,child_88_sentence_23.wav,./audio/children/child_019/imitation/child_88_sentence_23.wav,reading_vs_imitation
88,24,child_88_reading_24.wav,./audio/children/child_019/reading/child_88_reading_24.wav,child_88_sentence_24.wav,./audio/children/child_019/imitation/child_88_sentence_24.wav,reading_vs_imitation
88,25,child_88_reading_25.wav,./audio/children/child_019/reading/child_88_reading_25.wav,child_88_sentence_25.wav,./audio/children/child_019/imitation/child_88_sentence_25.wav,reading_vs_imitation
88,26,child_88_reading_26.wav,./audio/children/child_019/reading/child_88_reading_26.wav,child_88_sentence_26.wav,./audio/children/child_019/imitation/child_88_sentence_26.wav,reading_vs_imitation
88,27,child_88_reading_27.wav,./audio/children/child_019/reading/child_88_reading_27.wav,child_88_sentence_27.wav,./audio/children/child_019/imitation/child_88_sentence_27.wav,reading_vs_imitation
88,28,child_88_reading_28.wav,./audio/children/child_019/reading/child_88_reading_28.wav,child_88_sentence_28.wav,./audio/children/child_019/imitation/child_88_sentence_28.wav,reading_vs_imitation
88,29,child_88_reading_29.wav,./audio/children/child_019/reading/child_88_reading_29.wav,child_88_sentence_29.wav,./audio/children/child_019/imitation/child_88_sentence_29.wav,reading_vs_imitation
89,1,child_89_reading_01.wav,./audio/children/child_020/reading/child_89_reading_01.wav,child_89_sentence_01.wav,./audio/children/child_020/imitation/child_89_sentence_01.wav,reading_vs_imitation
89,2,child_89_reading_02.wav,./audio/children/child_020/reading/child_89_reading_02.wav,child_89_sentence_02.wav,./audio/children/child_020/imitation/child_89_sentence_02.wav,reading_vs_imitation
89,3,child_89_reading_03.wav,./audio/children/child_020/reading/child_89_reading_03.wav,child_89_sentence_03.wav,./audio/children/child_020/imitation/child_89_sentence_03.wav,reading_vs_imitation
89,4,child_89_reading_04.wav,./audio/children/child_020/reading/child_89_reading_04.wav,child_89_sentence_04.wav,./audio/children/child_020/imitation/child_89_sentence_04.wav,reading_vs_imitation
89,5,child_89_reading_05.wav,./audio/children/child_020/reading/child_89_reading_05.wav,child_89_sentence_05.wav,./audio/children/child_020/imitation/child_89_sentence_05.wav,reading_vs_imitation
89,6,child_89_reading_06.wav,./audio/children/child_020/reading/child_89_reading_06.wav,child_89_sentence_06.wav,./audio/children/child_020/imitation/child_89_sentence_06.wav,reading_vs_imitation
89,7,child_89_reading_07.wav,./audio/children/child_020/reading/child_89_reading_07.wav,child_89_sentence_07.wav,./audio/children/child_020/imitation/child_89_sentence_07.wav,reading_vs_imitation
89,8,child_89_reading_08.wav,./audio/children/child_020/reading/child_89_reading_08.wav,child_89_sentence_08.wav,./audio/children/child_020/imitation/child_89_sentence_08.wav,reading_vs_imitation
89,9,child_89_reading_09.wav,./audio/children/child_020/reading/child_89_reading_09.wav,child_89_sentence_09.wav,./audio/children/child_020/imitation/child_89_sentence_09.wav,reading_vs_imitation
89,10,child_89_reading_10.wav,./audio/children/child_020/reading/child_89_reading_10.wav,child_89_sentence_10.wav,./audio/children/child_020/imitation/child_89_sentence_10.wav,reading_vs_imitation
89,11,child_89_reading_11.wav,./audio/children/child_020/reading/child_89_reading_11.wav,child_89_sentence_11.wav,./audio/children/child_020/imitation/child_89_sentence_11.wav,reading_vs_imitation
89,12,child_89_reading_12.wav,./audio/children/child_020/reading/child_89_reading_12.wav,child_89_sentence_12.wav,./audio/children/child_020/imitation/child_89_sentence_12.wav,reading_vs_imitation
89,13,child_89_reading_13.wav,./audio/children/child_020/reading/child_89_reading_13.wav,child_89_sentence_13.wav,./audio/children/child_020/imitation/child_89_sentence_13.wav,reading_vs_imitation
89,14,child_89_reading_14.wav,./audio/children/child_020/reading/child_89_reading_14.wav,child_89_sentence_14.wav,./audio/children/child_020/imitation/child_89_sentence_14.wav,reading_vs_imitation
89,15,child_89_reading_15.wav,./audio/children/child_020/reading/child_89_reading_15.wav,child_89_sentence_15.wav,./audio/children/child_020/imitation/child_89_sentence_15.wav,reading_vs_imitation
89,16,child_89_reading_16.wav,./audio/children/child_020/reading/child_89_reading_16.wav,child_89_sentence_16.wav,./audio/children/child_020/imitation/child_89_sentence_16.wav,reading_vs_imitation
89,17,child_89_reading_17.wav,./audio/children/child_020/reading/child_89_reading_17.wav,child_89_sentence_17.wav,./audio/children/child_020/imitation/child_89_sentence_17.wav,reading_vs_imitation
89,18,child_89_reading_18.wav,./audio/children/child_020/reading/child_89_reading_18.wav,child_89_sentence_18.wav,./audio/children/child_020/imitation/child_89_sentence_18.wav,reading_vs_imitation
89,19,child_89_reading_19.wav,./audio/children/child_020/reading/child_89_reading_19.wav,child_89_sentence_19.wav,./audio/children/child_020/imitation/child_89_sentence_19.wav,reading_vs_imitation
89,20,child_89_reading_20.wav,./audio/children/child_020/reading/child_89_reading_20.wav,child_89_sentence_20.wav,./audio/children/child_020/imitation/child_89_sentence_20.wav,reading_vs_imitation
89,21,child_89_reading_21.wav,./audio/children/child_020/reading/child_89_reading_21.wav,child_89_sentence_21.wav,./audio/children/child_020/imitation/child_89_sentence_21.wav,reading_vs_imitation
89,22,child_89_reading_22.wav,./audio/children/child_020/reading/child_89_reading_22.wav,child_89_sentence_22.wav,./audio/children/child_020/imitation/child_89_sentence_22.wav,reading_vs_imitation
89,23,child_89_reading_23.wav,./audio/children/child_020/reading/child_89_reading_23.wav,child_89_sentence_23.wav,./audio/children/child_020/imitation/child_89_sentence_23.wav,reading_vs_imitation
89,24,child_89_reading_24.wav,./audio/children/child_020/reading/child_89_reading_24.wav,child_89_sentence_24.wav,./audio/children/child_020/imitation/child_89_sentence_24.wav,reading_vs_imitation
89,25,child_89_reading_25.wav,./audio/children/child_020/reading/child_89_reading_25.wav,child_89_sentence_25.wav,./audio/children/child_020/imitation/child_89_sentence_25.wav,reading_vs_imitation
89,26,child_89_reading_26.wav,./audio/children/child_020/reading/child_89_reading_26.wav,child_89_sentence_26.wav,./audio/children/child_020/imitation/child_89_sentence_26.wav,reading_vs_imitation
89,27,child_89_reading_27.wav,./audio/children/child_020/reading/child_89_reading_27.wav,child_89_sentence_27.wav,./audio/children/child_020/imitation/child_89_sentence_27.wav,reading_vs_imitation
89,28,child_89_reading_28.wav,./audio/children/child_020/reading/child_89_reading_28.wav,child_89_sentence_28.wav,./audio/children/child_020/imitation/child_89_sentence_28.wav,reading_vs_imitation
89,29,child_89_reading_29.wav,./audio/children/child_020/reading/child_89_reading_29.wav,child_89_sentence_29.wav,./audio/children/child_020/imitation/child_89_sentence_29.wav,reading_vs_imitation
90,1,child_90_reading_01.wav,./audio/children/child_021/reading/child_90_reading_01.wav,child_90_sentence_01.wav,./audio/children/child_021/imitation/child_90_sentence_01.wav,reading_vs_imitation
90,2,child_90_reading_02.wav,./audio/children/child_021/reading/child_90_reading_02.wav,child_90_sentence_02.wav,./audio/children/child_021/imitation/child_90_sentence_02.wav,reading_vs_imitation
90,3,child_90_reading_03.wav,./audio/children/child_021/reading/child_90_reading_03.wav,child_90_sentence_03.wav,./audio/children/child_021/imitation/child_90_sentence_03.wav,reading_vs_imitation
90,4,child_90_reading_04.wav,./audio/children/child_021/reading/child_90_reading_04.wav,child_90_sentence_04.wav,./audio/children/child_021/imitation/child_90_sentence_04.wav,reading_vs_imitation
90,5,child_90_reading_05.wav,./audio/children/child_021/reading/child_90_reading_05.wav,child_90_sentence_05.wav,./audio/children/child_021/imitation/child_90_sentence_05.wav,reading_vs_imitation
90,6,child_90_reading_06.wav,./audio/children/child_021/reading/child_90_reading_06.wav,child_90_sentence_06.wav,./audio/children/child_021/imitation/child_90_sentence_06.wav,reading_vs_imitation
90,7,child_90_reading_07.wav,./audio/children/child_021/reading/child_90_reading_07.wav,child_90_sentence_07.wav,./audio/children/child_021/imitation/child_90_sentence_07.wav,reading_vs_imitation
90,8,child_90_reading_08.wav,./audio/children/child_021/reading/child_90_reading_08.wav,child_90_sentence_08.wav,./audio/children/child_021/imitation/child_90_sentence_08.wav,reading_vs_imitation
90,9,child_90_reading_09.wav,./audio/children/child_021/reading/child_90_reading_09.wav,child_90_sentence_09.wav,./audio/children/child_021/imitation/child_90_sentence_09.wav,reading_vs_imitation
90,10,child_90_reading_10.wav,./audio/children/child_021/reading/child_90_reading_10.wav,child_90_sentence_10.wav,./audio/children/child_021/imitation/child_90_sentence_10.wav,reading_vs_imitation
90,11,child_90_reading_11.wav,./audio/children/child_021/reading/child_90_reading_11.wav,child_90_sentence_11.wav,./audio/children/child_021/imitation/child_90_sentence_11.wav,reading_vs_imitation
90,12,child_90_reading_12.wav,./audio/children/child_021/reading/child_90_reading_12.wav,child_90_sentence_12.wav,./audio/children/child_021/imitation/child_90_sentence_12.wav,reading_vs_imitation
90,13,child_90_reading_13.wav,./audio/children/child_021/reading/child_90_reading_13.wav,child_90_sentence_13.wav,./audio/children/child_021/imitation/child_90_sentence_13.wav,reading_vs_imitation
90,14,child_90_reading_14.wav,./audio/children/child_021/reading/child_90_reading_14.wav,child_90_sentence_14.wav,./audio/children/child_021/imitation/child_90_sentence_14.wav,reading_vs_imitation
90,15,child_90_reading_15.wav,./audio/children/child_021/reading/child_90_reading_15.wav,child_90_sentence_15.wav,./audio/children/child_021/imitation/child_90_sentence_15.wav,reading_vs_imitation
90,16,child_90_reading_16.wav,./audio/children/child_021/reading/child_90_reading_16.wav,child_90_sentence_16.wav,./audio/children/child_021/imitation/child_90_sentence_16.wav,reading_vs_imitation
90,17,child_90_reading_17.wav,./audio/children/child_021/reading/child_90_reading_17.wav,child_90_sentence_17.wav,./audio/children/child_021/imitation/child_90_sentence_17.wav,reading_vs_imitation
90,18,child_90_reading_18.wav,./audio/children/child_021/reading/child_90_reading_18.wav,child_90_sentence_18.wav,./audio/children/child_021/imitation/child_90_sentence_18.wav,reading_vs_imitation
90,19,child_90_reading_19.wav,./audio/children/child_021/reading/child_90_reading_19.wav,child_90_sentence_19.wav,./audio/children/child_021/imitation/child_90_sentence_19.wav,reading_vs_imitation
90,20,child_90_reading_20.wav,./audio/children/child_021/reading/child_90_reading_20.wav,child_90_sentence_20.wav,./audio/children/child_021/imitation/child_90_sentence_20.wav,reading_vs_imitation
90,21,child_90_reading_21.wav,./audio/children/child_021/reading/child_90_reading_21.wav,child_90_sentence_21.wav,./audio/children/child_021/imitation/child_90_sentence_21.wav,reading_vs_imitation
90,22,child_90_reading_22.wav,./audio/children/child_021/reading/child_90_reading_22.wav,child_90_sentence_22.wav,./audio/children/child_021/imitation/child_90_sentence_22.wav,reading_vs_imitation
90,23,child_90_reading_23.wav,./audio/children/child_021/reading/child_90_reading_23.wav,child_90_sentence_23.wav,./audio/children/child_021/imitation/child_90_sentence_23.wav,reading_vs_imitation
90,24,child_90_reading_24.wav,./audio/children/child_021/reading/child_90_reading_24.wav,child_90_sentence_24.wav,./audio/children/child_021/imitation/child_90_sentence_24.wav,reading_vs_imitation
90,25,child_90_reading_25.wav,./audio/children/child_021/reading/child_90_reading_25.wav,child_90_sentence_25.wav,./audio/children/child_021/imitation/child_90_sentence_25.wav,reading_vs_imitation
90,26,child_90_reading_26.wav,./audio/children/child_021/reading/child_90_reading_26.wav,child_90_sentence_26.wav,./audio/children/child_021/imitation/child_90_sentence_26.wav,reading_vs_imitation
90,27,child_90_reading_27.wav,./audio/children/child_021/reading/child_90_reading_27.wav,child_90_sentence_27.wav,./audio/children/child_021/imitation/child_90_sentence_27.wav,reading_vs_imitation
90,28,child_90_reading_28.wav,./audio/children/child_021/reading/child_90_reading_28.wav,child_90_sentence_28.wav,./audio/children/child_021/imitation/child_90_sentence_28.wav,reading_vs_imitation
90,29,child_90_reading_29.wav,./audio/children/child_021/reading/child_90_reading_29.wav,child_90_sentence_29.wav,./audio/children/child_021/imitation/child_90_sentence_29.wav,reading_vs_imitation
91,1,child_91_reading_01.wav,./audio/children/child_022/reading/child_91_reading_01.wav,child_91_sentence_01.wav,./audio/children/child_022/imitation/child_91_sentence_01.wav,reading_vs_imitation
91,2,child_91_reading_02.wav,./audio/children/child_022/reading/child_91_reading_02.wav,child_91_sentence_02.wav,./audio/children/child_022/imitation/child_91_sentence_02.wav,reading_vs_imitation
91,3,child_91_reading_03.wav,./audio/children/child_022/reading/child_91_reading_03.wav,child_91_sentence_03.wav,./audio/children/child_022/imitation/child_91_sentence_03.wav,reading_vs_imitation
91,4,child_91_reading_04.wav,./audio/children/child_022/reading/child_91_reading_04.wav,child_91_sentence_04.wav,./audio/children/child_022/imitation/child_91_sentence_04.wav,reading_vs_imitation
91,5,child_91_reading_05.wav,./audio/children/child_022/reading/child_91_reading_05.wav,child_91_sentence_05.wav,./audio/children/child_022/imitation/child_91_sentence_05.wav,reading_vs_imitation
91,6,child_91_reading_06.wav,./audio/children/child_022/reading/child_91_reading_06.wav,child_91_sentence_06.wav,./audio/children/child_022/imitation/child_91_sentence_06.wav,reading_vs_imitation
91,7,child_91_reading_07.wav,./audio/children/child_022/reading/child_91_reading_07.wav,child_91_sentence_07.wav,./audio/children/child_022/imitation/child_91_sentence_07.wav,reading_vs_imitation
91,8,child_91_reading_08.wav,./audio/children/child_022/reading/child_91_reading_08.wav,child_91_sentence_08.wav,./audio/children/child_022/imitation/child_91_sentence_08.wav,reading_vs_imitation
91,9,child_91_reading_09.wav,./audio/children/child_022/reading/child_91_reading_09.wav,child_91_sentence_09.wav,./audio/children/child_022/imitation/child_91_sentence_09.wav,reading_vs_imitation
91,10,child_91_reading_10.wav,./audio/children/child_022/reading/child_91_reading_10.wav,child_91_sentence_10.wav,./audio/children/child_022/imitation/child_91_sentence_10.wav,reading_vs_imitation
91,11,child_91_reading_11.wav,./audio/children/child_022/reading/child_91_reading_11.wav,child_91_sentence_11.wav,./audio/children/child_022/imitation/child_91_sentence_11.wav,reading_vs_imitation
91,12,child_91_reading_12.wav,./audio/children/child_022/reading/child_91_reading_12.wav,child_91_sentence_12.wav,./audio/children/child_022/imitation/child_91_sentence_12.wav,reading_vs_imitation
91,13,child_91_reading_13.wav,./audio/children/child_022/reading/child_91_reading_13.wav,child_91_sentence_13.wav,./audio/children/child_022/imitation/child_91_sentence_13.wav,reading_vs_imitation
91,14,child_91_reading_14.wav,./audio/children/child_022/reading/child_91_reading_14.wav,child_91_sentence_14.wav,./audio/children/child_022/imitation/child_91_sentence_14.wav,reading_vs_imitation
91,15,child_91_reading_15.wav,./audio/children/child_022/reading/child_91_reading_15.wav,child_91_sentence_15.wav,./audio/children/child_022/imitation/child_91_sentence_15.wav,reading_vs_imitation
91,16,child_91_reading_16.wav,./audio/children/child_022/reading/child_91_reading_16.wav,child_91_sentence_16.wav,./audio/children/child_022/imitation/child_91_sentence_16.wav,reading_vs_imitation
91,17,child_91_reading_17.wav,./audio/children/child_022/reading/child_91_reading_17.wav,child_91_sentence_17.wav,./audio/children/child_022/imitation/child_91_sentence_17.wav,reading_vs_imitation
91,18,child_91_reading_18.wav,./audio/children/child_022/reading/child_91_reading_18.wav,child_91_sentence_18.wav,./audio/children/child_022/imitation/child_91_sentence_18.wav,reading_vs_imitation
91,19,child_91_reading_19.wav,./audio/children/child_022/reading/child_91_reading_19.wav,child_91_sentence_19.wav,./audio/children/child_022/imitation/child_91_sentence_19.wav,reading_vs_imitation
91,20,child_91_reading_20.wav,./audio/children/child_022/reading/child_91_reading_20.wav,child_91_sentence_20.wav,./audio/children/child_022/imitation/child_91_sentence_20.wav,reading_vs_imitation
91,21,child_91_reading_21.wav,./audio/children/child_022/reading/child_91_reading_21.wav,child_91_sentence_21.wav,./audio/children/child_022/imitation/child_91_sentence_21.wav,reading_vs_imitation
91,22,child_91_reading_22.wav,./audio/children/child_022/reading/child_91_reading_22.wav,child_91_sentence_22.wav,./audio/children/child_022/imitation/child_91_sentence_22.wav,reading_vs_imitation
91,23,child_91_reading_23.wav,./audio/children/child_022/reading/child_91_reading_23.wav,child_91_sentence_23.wav,./audio/children/child_022/imitation/child_91_sentence_23.wav,reading_vs_imitation
91,24,child_91_reading_24.wav,./audio/children/child_022/reading/child_91_reading_24.wav,child_91_sentence_24.wav,./audio/children/child_022/imitation/child_91_sentence_24.wav,reading_vs_imitation
91,25,child_91_reading_25.wav,./audio/children/child_022/reading/child_91_reading_25.wav,child_91_sentence_25.wav,./audio/children/child_022/imitation/child_91_sentence_25.wav,reading_vs_imitation
91,26,child_91_reading_26.wav,./audio/children/child_022/reading/child_91_reading_26.wav,child_91_sentence_26.wav,./audio/children/child_022/imitation/child_91_sentence_26.wav,reading_vs_imitation
91,27,child_91_reading_27.wav,./audio/children/child_022/reading/child_91_reading_27.wav,child_91_sentence_27.wav,./audio/children/child_022/imitation/child_91_sentence_27.wav,reading_vs_imitation
91,28,child_91_reading_28.wav,./audio/children/child_022/reading/child_91_reading_28.wav,child_91_sentence_28.wav,./audio/children/child_022/imitation/child_91_sentence_28.wav,reading_vs_imitation
91,29,child_91_reading_29.wav,./audio/children/child_022/reading/child_91_reading_29.wav,child_91_sentence_29.wav,./audio/children/child_022/imitation/child_91_sentence_29.wav,reading_vs_imitation
92,1,child_92_reading_01.wav,./audio/children/child_023/reading/child_92_reading_01.wav,child_92_sentence_01.wav,./audio/children/child_023/imitation/child_92_sentence_01.wav,reading_vs_imitation
92,2,child_92_reading_02.wav,./audio/children/child_023/reading/child_92_reading_02.wav,child_92_sentence_02.wav,./audio/children/child_023/imitation/child_92_sentence_02.wav,reading_vs_imitation
92,3,child_92_reading_03.wav,./audio/children/child_023/reading/child_92_reading_03.wav,child_92_sentence_03.wav,./audio/children/child_023/imitation/child_92_sentence_03.wav,reading_vs_imitation
92,4,child_92_reading_04.wav,./audio/children/child_023/reading/child_92_reading_04.wav,child_92_sentence_04.wav,./audio/children/child_023/imitation/child_92_sentence_04.wav,reading_vs_imitation
92,5,child_92_reading_05.wav,./audio/children/child_023/reading/child_92_reading_05.wav,child_92_sentence_05.wav,./audio/children/child_023/imitation/child_92_sentence_05.wav,reading_vs_imitation
92,6,child_92_reading_06.wav,./audio/children/child_023/reading/child_92_reading_06.wav,child_92_sentence_06.wav,./audio/children/child_023/imitation/child_92_sentence_06.wav,reading_vs_imitation
92,7,child_92_reading_07.wav,./audio/children/child_023/reading/child_92_reading_07.wav,child_92_sentence_07.wav,./audio/children/child_023/imitation/child_92_sentence_07.wav,reading_vs_imitation
92,8,child_92_reading_08.wav,./audio/children/child_023/reading/child_92_reading_08.wav,child_92_sentence_08.wav,./audio/children/child_023/imitation/child_92_sentence_08.wav,reading_vs_imitation
92,9,child_92_reading_09.wav,./audio/children/child_023/reading/child_92_reading_09.wav,child_92_sentence_09.wav,./audio/children/child_023/imitation/child_92_sentence_09.wav,reading_vs_imitation
92,10,child_92_reading_10.wav,./audio/children/child_023/reading/child_92_reading_10.wav,child_92_sentence_10.wav,./audio/children/child_023/imitation/child_92_sentence_10.wav,reading_vs_imitation
92,11,child_92_reading_11.wav,./audio/children/child_023/reading/child_92_reading_11.wav,child_92_sentence_11.wav,./audio/children/child_023/imitation/child_92_sentence_11.wav,reading_vs_imitation
92,12,child_92_reading_12.wav,./audio/children/child_023/reading/child_92_reading_12.wav,child_92_sentence_12.wav,./audio/children/child_023/imitation/child_92_sentence_12.wav,reading_vs_imitation
92,13,child_92_reading_13.wav,./audio/children/child_023/reading/child_92_reading_13.wav,child_92_sentence_13.wav,./audio/children/child_023/imitation/child_92_sentence_13.wav,reading_vs_imitation
92,14,child_92_reading_14.wav,./audio/children/child_023/reading/child_92_reading_14.wav,child_92_sentence_14.wav,./audio/children/child_023/imitation/child_92_sentence_14.wav,reading_vs_imitation
92,15,child_92_reading_15.wav,./audio/children/child_023/reading/child_92_reading_15.wav,child_92_sentence_15.wav,./audio/children/child_023/imitation/child_92_sentence_15.wav,reading_vs_imitation
92,16,child_92_reading_16.wav,./audio/children/child_023/reading/child_92_reading_16.wav,child_92_sentence_16.wav,./audio/children/child_023/imitation/child_92_sentence_16.wav,reading_vs_imitation
92,17,child_92_reading_17.wav,./audio/children/child_023/reading/child_92_reading_17.wav,child_92_sentence_17.wav,./audio/children/child_023/imitation/child_92_sentence_17.wav,reading_vs_imitation
92,18,child_92_reading_18.wav,./audio/children/child_023/reading/child_92_reading_18.wav,child_92_sentence_18.wav,./audio/children/child_023/imitation/child_92_sentence_18.wav,reading_vs_imitation
92,19,child_92_reading_19.wav,./audio/children/child_023/reading/child_92_reading_19.wav,child_92_sentence_19.wav,./audio/children/child_023/imitation/child_92_sentence_19.wav,reading_vs_imitation
92,20,child_92_reading_20.wav,./audio/children/child_023/reading/child_92_reading_20.wav,child_92_sentence_20.wav,./audio/children/child_023/imitation/child_92_sentence_20.wav,reading_vs_imitation
92,21,child_92_reading_21.wav,./audio/children/child_023/reading/child_92_reading_21.wav,child_92_sentence_21.wav,./audio/children/child_023/imitation/child_92_sentence_21.wav,reading_vs_imitation
92,22,child_92_reading_22.wav,./audio/children/child_023/reading/child_92_reading_22.wav,child_92_sentence_22.wav,./audio/children/child_023/imitation/child_92_sentence_22.wav,reading_vs_imitation
92,23,child_92_reading_23.wav,./audio/children/child_023/reading/child_92_reading_23.wav,child_92_sentence_23.wav,./audio/children/child_023/imitation/child_92_sentence_23.wav,reading_vs_imitation
92,24,child_92_reading_24.wav,./audio/children/child_023/reading/child_92_reading_24.wav,child_92_sentence_24.wav,./audio/children/child_023/imitation/child_92_sentence_24.wav,reading_vs_imitation
92,25,child_92_reading_25.wav,./audio/children/child_023/reading/child_92_reading_25.wav,child_92_sentence_25.wav,./audio/children/child_023/imitation/child_92_sentence_25.wav,reading_vs_imitation
92,26,child_92_reading_26.wav,./audio/children/child_023/reading/child_92_reading_26.wav,child_92_sentence_26.wav,./audio/children/child_023/imitation/child_92_sentence_26.wav,reading_vs_imitation
92,27,child_92_reading_27.wav,./audio/children/child_023/reading/child_92_reading_27.wav,child_92_sentence_27.wav,./audio/children/child_023/imitation/child_92_sentence_27.wav,reading_vs_imitation
92,28,child_92_reading_28.wav,./audio/children/child_023/reading/child_92_reading_28.wav,child_92_sentence_28.wav,./audio/children/child_023/imitation/child_92_sentence_28.wav,reading_vs_imitation
92,29,child_92_reading_29.wav,./audio/children/child_023/reading/child_92_reading_29.wav,child_92_sentence_29.wav,./audio/children/child_023/imitation/child_92_sentence_29.wav,reading_vs_imitation
93,1,child_93_reading_01.wav,./audio/children/child_024/reading/child_93_reading_01.wav,child_93_sentence_01.wav,./audio/children/child_024/imitation/child_93_sentence_01.wav,reading_vs_imitation
93,2,child_93_reading_02.wav,./audio/children/child_024/reading/child_93_reading_02.wav,child_93_sentence_02.wav,./audio/children/child_024/imitation/child_93_sentence_02.wav,reading_vs_imitation
93,3,child_93_reading_03.wav,./audio/children/child_024/reading/child_93_reading_03.wav,child_93_sentence_03.wav,./audio/children/child_024/imitation/child_93_sentence_03.wav,reading_vs_imitation
93,4,child_93_reading_04.wav,./audio/children/child_024/reading/child_93_reading_04.wav,child_93_sentence_04.wav,./audio/children/child_024/imitation/child_93_sentence_04.wav,reading_vs_imitation
93,5,child_93_reading_05.wav,./audio/children/child_024/reading/child_93_reading_05.wav,child_93_sentence_05.wav,./audio/children/child_024/imitation/child_93_sentence_05.wav,reading_vs_imitation
93,6,child_93_reading_06.wav,./audio/children/child_024/reading/child_93_reading_06.wav,child_93_sentence_06.wav,./audio/children/child_024/imitation/child_93_sentence_06.wav,reading_vs_imitation
93,7,child_93_reading_07.wav,./audio/children/child_024/reading/child_93_reading_07.wav,child_93_sentence_07.wav,./audio/children/child_024/imitation/child_93_sentence_07.wav,reading_vs_imitation
93,8,child_93_reading_08.wav,./audio/children/child_024/reading/child_93_reading_08.wav,child_93_sentence_08.wav,./audio/children/child_024/imitation/child_93_sentence_08.wav,reading_vs_imitation
93,9,child_93_reading_09.wav,./audio/children/child_024/reading/child_93_reading_09.wav,child_93_sentence_09.wav,./audio/children/child_024/imitation/child_93_sentence_09.wav,reading_vs_imitation
93,10,child_93_reading_10.wav,./audio/children/child_024/reading/child_93_reading_10.wav,child_93_sentence_10.wav,./audio/children/child_024/imitation/child_93_sentence_10.wav,reading_vs_imitation
93,11,child_93_reading_11.wav,./audio/children/child_024/reading/child_93_reading_11.wav,child_93_sentence_11.wav,./audio/children/child_024/imitation/child_93_sentence_11.wav,reading_vs_imitation
93,12,child_93_reading_12.wav,./audio/children/child_024/reading/child_93_reading_12.wav,child_93_sentence_12.wav,./audio/children/child_024/imitation/child_93_sentence_12.wav,reading_vs_imitation
93,13,child_93_reading_13.wav,./audio/children/child_024/reading/child_93_reading_13.wav,child_93_sentence_13.wav,./audio/children/child_024/imitation/child_93_sentence_13.wav,reading_vs_imitation
93,14,child_93_reading_14.wav,./audio/children/child_024/reading/child_93_reading_14.wav,child_93_sentence_14.wav,./audio/children/child_024/imitation/child_93_sentence_14.wav,reading_vs_imitation
93,15,child_93_reading_15.wav,./audio/children/child_024/reading/child_93_reading_15.wav,child_93_sentence_15.wav,./audio/children/child_024/imitation/child_93_sentence_15.wav,reading_vs_imitation
93,16,child_93_reading_16.wav,./audio/children/child_024/reading/child_93_reading_16.wav,child_93_sentence_16.wav,./audio/children/child_024/imitation/child_93_sentence_16.wav,reading_vs_imitation
93,17,child_93_reading_17.wav,./audio/children/child_024/reading/child_93_reading_17.wav,child_93_sentence_17.wav,./audio/children/child_024/imitation/child_93_sentence_17.wav,reading_vs_imitation
93,18,child_93_reading_18.wav,./audio/children/child_024/reading/child_93_reading_18.wav,child_93_sentence_18.wav,./audio/children/child_024/imitation/child_93_sentence_18.wav,reading_vs_imitation
93,19,child_93_reading_19.wav,./audio/children/child_024/reading/child_93_reading_19.wav,child_93_sentence_19.wav,./audio/children/child_024/imitation/child_93_sentence_19.wav,reading_vs_imitation
93,20,child_93_reading_20.wav,./audio/children/child_024/reading/child_93_reading_20.wav,child_93_sentence_20.wav,./audio/children/child_024/imitation/child_93_sentence_20.wav,reading_vs_imitation
93,21,child_93_reading_21.wav,./audio/children/child_024/reading/child_93_reading_21.wav,child_93_sentence_21.wav,./audio/children/child_024/imitation/child_93_sentence_21.wav,reading_vs_imitation
93,22,child_93_reading_22.wav,./audio/children/child_024/reading/child_93_reading_22.wav,child_93_sentence_22.wav,./audio/children/child_024/imitation/child_93_sentence_22.wav,reading_vs_imitation
93,23,child_93_reading_23.wav,./audio/children/child_024/reading/child_93_reading_23.wav,child_93_sentence_23.wav,./audio/children/child_024/imitation/child_93_sentence_23.wav,reading_vs_imitation
93,24,child_93_reading_24.wav,./audio/children/child_024/reading/child_93_reading_24.wav,child_93_sentence_24.wav,./audio/children/child_024/imitation/child_93_sentence_24.wav,reading_vs_imitation
93,25,child_93_reading_25.wav,./audio/children/child_024/reading/child_93_reading_25.wav,child_93_sentence_25.wav,./audio/children/child_024/imitation/child_93_sentence_25.wav,reading_vs_imitation
93,26,child_93_reading_26.wav,./audio/children/child_024/reading/child_93_reading_26.wav,child_93_sentence_26.wav,./audio/children/child_024/imitation/child_93_sentence_26.wav,reading_vs_imitation
93,27,child_93_reading_27.wav,./audio/children/child_024/reading/child_93_reading_27.wav,child_93_sentence_27.wav,./audio/children/child_024/imitation/child_93_sentence_27.wav,reading_vs_imitation
93,28,child_93_reading_28.wav,./audio/children/child_024/reading/child_93_reading_28.wav,child_93_sentence_28.wav,./audio/children/child_024/imitation/child_93_sentence_28.wav,reading_vs_imitation
93,29,child_93_reading_29.wav,./audio/children/child_024/reading/child_93_reading_29.wav,child_93_sentence_29.wav,./audio/children/child_024/imitation/child_93_sentence_29.wav,reading_vs_imitation
94,1,child_94_reading_01.wav,./audio/children/child_025/reading/child_94_reading_01.wav,child_94_sentence_01.wav,./audio/children/child_025/imitation/child_94_sentence_01.wav,reading_vs_imitation
94,2,child_94_reading_02.wav,./audio/children/child_025/reading/child_94_reading_02.wav,child_94_sentence_02.wav,./audio/children/child_025/imitation/child_94_sentence_02.wav,reading_vs_imitation
94,3,child_94_reading_03.wav,./audio/children/child_025/reading/child_94_reading_03.wav,child_94_sentence_03.wav,./audio/children/child_025/imitation/child_94_sentence_03.wav,reading_vs_imitation
94,4,child_94_reading_04.wav,./audio/children/child_025/reading/child_94_reading_04.wav,child_94_sentence_04.wav,./audio/children/child_025/imitation/child_94_sentence_04.wav,reading_vs_imitation
94,5,child_94_reading_05.wav,./audio/children/child_025/reading/child_94_reading_05.wav,child_94_sentence_05.wav,./audio/children/child_025/imitation/child_94_sentence_05.wav,reading_vs_imitation
94,6,child_94_reading_06.wav,./audio/children/child_025/reading/child_94_reading_06.wav,child_94_sentence_06.wav,./audio/children/child_025/imitation/child_94_sentence_06.wav,reading_vs_imitation
94,7,child_94_reading_07.wav,./audio/children/child_025/reading/child_94_reading_07.wav,child_94_sentence_07.wav,./audio/children/child_025/imitation/child_94_sentence_07.wav,reading_vs_imitation
94,8,child_94_reading_08.wav,./audio/children/child_025/reading/child_94_reading_08.wav,child_94_sentence_08.wav,./audio/children/child_025/imitation/child_94_sentence_08.wav,reading_vs_imitation
94,9,child_94_reading_09.wav,./audio/children/child_025/reading/child_94_reading_09.wav,child_94_sentence_09.wav,./audio/children/child_025/imitation/child_94_sentence_09.wav,reading_vs_imitation
94,10,child_94_reading_10.wav,./audio/children/child_025/reading/child_94_reading_10.wav,child_94_sentence_10.wav,./audio/children/child_025/imitation/child_94_sentence_10.wav,reading_vs_imitation
94,11,child_94_reading_11.wav,./audio/children/child_025/reading/child_94_reading_11.wav,child_94_sentence_11.wav,./audio/children/child_025/imitation/child_94_sentence_11.wav,reading_vs_imitation
94,12,child_94_reading_12.wav,./audio/children/child_025/reading/child_94_reading_12.wav,child_94_sentence_12.wav,./audio/children/child_025/imitation/child_94_sentence_12.wav,reading_vs_imitation
94,13,child_94_reading_13.wav,./audio/children/child_025/reading/child_94_reading_13.wav,child_94_sentence_13.wav,./audio/children/child_025/imitation/child_94_sentence_13.wav,reading_vs_imitation
94,14,child_94_reading_14.wav,./audio/children/child_025/reading/child_94_reading_14.wav,child_94_sentence_14.wav,./audio/children/child_025/imitation/child_94_sentence_14.wav,reading_vs_imitation
94,15,child_94_reading_15.wav,./audio/children/child_025/reading/child_94_reading_15.wav,child_94_sentence_15.wav,./audio/children/child_025/imitation/child_94_sentence_15.wav,reading_vs_imitation
94,16,child_94_reading_16.wav,./audio/children/child_025/reading/child_94_reading_16.wav,child_94_sentence_16.wav,./audio/children/child_025/imitation/child_94_sentence_16.wav,reading_vs_imitation
94,17,child_94_reading_17.wav,./audio/children/child_025/reading/child_94_reading_17.wav,child_94_sentence_17.wav,./audio/children/child_025/imitation/child_94_sentence_17.wav,reading_vs_imitation
94,18,child_94_reading_18.wav,./audio/children/child_025/reading/child_94_reading_18.wav,child_94_sentence_18.wav,./audio/children/child_025/imitation/child_94_sentence_18.wav,reading_vs_imitation
94,19,child_94_reading_19.wav,./audio/children/child_025/reading/child_94_reading_19.wav,child_94_sentence_19.wav,./audio/children/child_025/imitation/child_94_sentence_19.wav,reading_vs_imitation
94,20,child_94_reading_20.wav,./audio/children/child_025/reading/child_94_reading_20.wav,child_94_sentence_20.wav,./audio/children/child_025/imitation/child_94_sentence_20.wav,reading_vs_imitation
94,21,child_94_reading_21.wav,./audio/children/child_025/reading/child_94_reading_21.wav,child_94_sentence_21.wav,./audio/children/child_025/imitation/child_94_sentence_21.wav,reading_vs_imitation
94,22,child_94_reading_22.wav,./audio/children/child_025/reading/child_94_reading_22.wav,child_94_sentence_22.wav,./audio/children/child_025/imitation/child_94_sentence_22.wav,reading_vs_imitation
94,23,child_94_reading_23.wav,./audio/children/child_025/reading/child_94_reading_23.wav,child_94_sentence_23.wav,./audio/children/child_025/imitation/child_94_sentence_23.wav,reading_vs_imitation
94,24,child_94_reading_24.wav,./audio/children/child_025/reading/child_94_reading_24.wav,child_94_sentence_24.wav,./audio/children/child_025/imitation/child_94_sentence_24.wav,reading_vs_imitation
94,25,child_94_reading_25.wav,./audio/children/child_025/reading/child_94_reading_25.wav,child_94_sentence_25.wav,./audio/children/child_025/imitation/child_94_sentence_25.wav,reading_vs_imitation
94,26,child_94_reading_26.wav,./audio/children/child_025/reading/child_94_reading_26.wav,child_94_sentence_26.wav,./audio/children/child_025/imitation/child_94_sentence_26.wav,reading_vs_imitation
94,27,child_94_reading_27.wav,./audio/children/child_025/reading/child_94_reading_27.wav,child_94_sentence_27.wav,./audio/children/child_025/imitation/child_94_sentence_27.wav,reading_vs_imitation
94,28,child_94_reading_28.wav,./audio/children/child_025/reading/child_94_reading_28.wav,child_94_sentence_28.wav,./audio/children/child_025/imitation/child_94_sentence_28.wav,reading_vs_imitation
94,29,child_94_reading_29.wav,./audio/children/child_025/reading/child_94_reading_29.wav,child_94_sentence_29.wav,./audio/children/child_025/imitation/child_94_sentence_29.wav,reading_vs_imitation
95,1,child_95_reading_01.wav,./audio/children/child_026/reading/child_95_reading_01.wav,child_95_sentence_01.wav,./audio/children/child_026/imitation/child_95_sentence_01.wav,reading_vs_imitation
95,2,child_95_reading_02.wav,./audio/children/child_026/reading/child_95_reading_02.wav,child_95_sentence_02.wav,./audio/children/child_026/imitation/child_95_sentence_02.wav,reading_vs_imitation
95,3,child_95_reading_03.wav,./audio/children/child_026/reading/child_95_reading_03.wav,child_95_sentence_03.wav,./audio/children/child_026/imitation/child_95_sentence_03.wav,reading_vs_imitation
95,4,child_95_reading_04.wav,./audio/children/child_026/reading/child_95_reading_04.wav,child_95_sentence_04.wav,./audio/children/child_026/imitation/child_95_sentence_04.wav,reading_vs_imitation
95,5,child_95_reading_05.wav,./audio/children/child_026/reading/child_95_reading_05.wav,child_95_sentence_05.wav,./audio/children/child_026/imitation/child_95_sentence_05.wav,reading_vs_imitation
95,6,child_95_reading_06.wav,./audio/children/child_026/reading/child_95_reading_06.wav,child_95_sentence_06.wav,./audio/children/child_026/imitation/child_95_sentence_06.wav,reading_vs_imitation
95,7,child_95_reading_07.wav,./audio/children/child_026/reading/child_95_reading_07.wav,child_95_sentence_07.wav,./audio/children/child_026/imitation/child_95_sentence_07.wav,reading_vs_imitation
95,8,child_95_reading_08.wav,./audio/children/child_026/reading/child_95_reading_08.wav,child_95_sentence_08.wav,./audio/children/child_026/imitation/child_95_sentence_08.wav,reading_vs_imitation
95,9,child_95_reading_09.wav,./audio/children/child_026/reading/child_95_reading_09.wav,child_95_sentence_09.wav,./audio/children/child_026/imitation/child_95_sentence_09.wav,reading_vs_imitation
95,10,child_95_reading_10.wav,./audio/children/child_026/reading/child_95_reading_10.wav,child_95_sentence_10.wav,./audio/children/child_026/imitation/child_95_sentence_10.wav,reading_vs_imitation
95,11,child_95_reading_11.wav,./audio/children/child_026/reading/child_95_reading_11.wav,child_95_sentence_11.wav,./audio/children/child_026/imitation/child_95_sentence_11.wav,reading_vs_imitation
95,12,child_95_reading_12.wav,./audio/children/child_026/reading/child_95_reading_12.wav,child_95_sentence_12.wav,./audio/children/child_026/imitation/child_95_sentence_12.wav,reading_vs_imitation
95,13,child_95_reading_13.wav,./audio/children/child_026/reading/child_95_reading_13.wav,child_95_sentence_13.wav,./audio/children/child_026/imitation/child_95_sentence_13.wav,reading_vs_imitation
95,14,child_95_reading_14.wav,./audio/children/child_026/reading/child_95_reading_14.wav,child_95_sentence_14.wav,./audio/children/child_026/imitation/child_95_sentence_14.wav,reading_vs_imitation
95,15,child_95_reading_15.wav,./audio/children/child_026/reading/child_95_reading_15.wav,child_95_sentence_15.wav,./audio/children/child_026/imitation/child_95_sentence_15.wav,reading_vs_imitation
95,16,child_95_reading_16.wav,./audio/children/child_026/reading/child_95_reading_16.wav,child_95_sentence_16.wav,./audio/children/child_026/imitation/child_95_sentence_16.wav,reading_vs_imitation
95,17,child_95_reading_17.wav,./audio/children/child_026/reading/child_95_reading_17.wav,child_95_sentence_17.wav,./audio/children/child_026/imitation/child_95_sentence_17.wav,reading_vs_imitation
95,18,child_95_reading_18.wav,./audio/children/child_026/reading/child_95_reading_18.wav,child_95_sentence_18.wav,./audio/children/child_026/imitation/child_95_sentence_18.wav,reading_vs_imitation
95,19,child_95_reading_19.wav,./audio/children/child_026/reading/child_95_reading_19.wav,child_95_sentence_19.wav,./audio/children/child_026/imitation/child_95_sentence_19.wav,reading_vs_imitation
95,20,child_95_reading_20.wav,./audio/children/child_026/reading/child_95_reading_20.wav,child_95_sentence_20.wav,./audio/children/child_026/imitation/child_95_sentence_20.wav,reading_vs_imitation
95,21,child_95_reading_21.wav,./audio/children/child_026/reading/child_95_reading_21.wav,child_95_sentence_21.wav,./audio/children/child_026/imitation/child_95_sentence_21.wav,reading_vs_imitation
95,22,child_95_reading_22.wav,./audio/children/child_026/reading/child_95_reading_22.wav,child_95_sentence_22.wav,./audio/children/child_026/imitation/child_95_sentence_22.wav,reading_vs_imitation
95,23,child_95_reading_23.wav,./audio/children/child_026/reading/child_95_reading_23.wav,child_95_sentence_23.wav,./audio/children/child_026/imitation/child_95_sentence_23.wav,reading_vs_imitation
95,24,child_95_reading_24.wav,./audio/children/child_026/reading/child_95_reading_24.wav,child_95_sentence_24.wav,./audio/children/child_026/imitation/child_95_sentence_24.wav,reading_vs_imitation
95,25,child_95_reading_25.wav,./audio/children/child_026/reading/child_95_reading_25.wav,child_95_sentence_25.wav,./audio/children/child_026/imitation/child_95_sentence_25.wav,reading_vs_imitation
95,26,child_95_reading_26.wav,./audio/children/child_026/reading/child_95_reading_26.wav,child_95_sentence_26.wav,./audio/children/child_026/imitation/child_95_sentence_26.wav,reading_vs_imitation
95,27,child_95_reading_27.wav,./audio/children/child_026/reading/child_95_reading_27.wav,child_95_sentence_27.wav,./audio/children/child_026/imitation/child_95_sentence_27.wav,reading_vs_imitation
95,28,child_95_reading_28.wav,./audio/children/child_026/reading/child_95_reading_28.wav,child_95_sentence_28.wav,./audio/children/child_026/imitation/child_95_sentence_28.wav,reading_vs_imitation
95,29,child_95_reading_29.wav,./audio/children/child_026/reading/child_95_reading_29.wav,child_95_sentence_29.wav,./audio/children/child_026/imitation/child_95_sentence_29.wav,reading_vs_imitation
96,1,child_96_reading_01.wav,./audio/children/child_027/reading/child_96_reading_01.wav,child_96_sentence_01.wav,./audio/children/child_027/imitation/child_96_sentence_01.wav,reading_vs_imitation
96,2,child_96_reading_02.wav,./audio/children/child_027/reading/child_96_reading_02.wav,child_96_sentence_02.wav,./audio/children/child_027/imitation/child_96_sentence_02.wav,reading_vs_imitation
96,3,child_96_reading_03.wav,./audio/children/child_027/reading/child_96_reading_03.wav,child_96_sentence_03.wav,./audio/children/child_027/imitation/child_96_sentence_03.wav,reading_vs_imitation
96,4,child_96_reading_04.wav,./audio/children/child_027/reading/child_96_reading_04.wav,child_96_sentence_04.wav,./audio/children/child_027/imitation/child_96_sentence_04.wav,reading_vs_imitation
96,5,child_96_reading_05.wav,./audio/children/child_027/reading/child_96_reading_05.wav,child_96_sentence_05.wav,./audio/children/child_027/imitation/child_96_sentence_05.wav,reading_vs_imitation
96,6,child_96_reading_06.wav,./audio/children/child_027/reading/child_96_reading_06.wav,child_96_sentence_06.wav,./audio/children/child_027/imitation/child_96_sentence_06.wav,reading_vs_imitation
96,7,child_96_reading_07.wav,./audio/children/child_027/reading/child_96_reading_07.wav,child_96_sentence_07.wav,./audio/children/child_027/imitation/child_96_sentence_07.wav,reading_vs_imitation
96,8,child_96_reading_08.wav,./audio/children/child_027/reading/child_96_reading_08.wav,child_96_sentence_08.wav,./audio/children/child_027/imitation/child_96_sentence_08.wav,reading_vs_imitation
96,9,child_96_reading_09.wav,./audio/children/child_027/reading/child_96_reading_09.wav,child_96_sentence_09.wav,./audio/children/child_027/imitation/child_96_sentence_09.wav,reading_vs_imitation
96,10,child_96_reading_10.wav,./audio/children/child_027/reading/child_96_reading_10.wav,child_96_sentence_10.wav,./audio/children/child_027/imitation/child_96_sentence_10.wav,reading_vs_imitation
96,11,child_96_reading_11.wav,./audio/children/child_027/reading/child_96_reading_11.wav,child_96_sentence_11.wav,./audio/children/child_027/imitation/child_96_sentence_11.wav,reading_vs_imitation
96,12,child_96_reading_12.wav,./audio/children/child_027/reading/child_96_reading_12.wav,child_96_sentence_12.wav,./audio/children/child_027/imitation/child_96_sentence_12.wav,reading_vs_imitation
96,13,child_96_reading_13.wav,./audio/children/child_027/reading/child_96_reading_13.wav,child_96_sentence_13.wav,./audio/children/child_027/imitation/child_96_sentence_13.wav,reading_vs_imitation
96,14,child_96_reading_14.wav,./audio/children/child_027/reading/child_96_reading_14.wav,child_96_sentence_14.wav,./audio/children/child_027/imitation/child_96_sentence_14.wav,reading_vs_imitation
96,15,child_96_reading_15.wav,./audio/children/child_027/reading/child_96_reading_15.wav,child_96_sentence_15.wav,./audio/children/child_027/imitation/child_96_sentence_15.wav,reading_vs_imitation
96,16,child_96_reading_16.wav,./audio/children/child_027/reading/child_96_reading_16.wav,child_96_sentence_16.wav,./audio/children/child_027/imitation/child_96_sentence_16.wav,reading_vs_imitation
96,17,child_96_reading_17.wav,./audio/children/child_027/reading/child_96_reading_17.wav,child_96_sentence_17.wav,./audio/children/child_027/imitation/child_96_sentence_17.wav,reading_vs_imitation
96,18,child_96_reading_18.wav,./audio/children/child_027/reading/child_96_reading_18.wav,child_96_sentence_18.wav,./audio/children/child_027/imitation/child_96_sentence_18.wav,reading_vs_imitation
96,19,child_96_reading_19.wav,./audio/children/child_027/reading/child_96_reading_19.wav,child_96_sentence_19.wav,./audio/children/child_027/imitation/child_96_sentence_19.wav,reading_vs_imitation
96,20,child_96_reading_20.wav,./audio/children/child_027/reading/child_96_reading_20.wav,child_96_sentence_20.wav,./audio/children/child_027/imitation/child_96_sentence_20.wav,reading_vs_imitation
96,21,child_96_reading_21.wav,./audio/children/child_027/reading/child_96_reading_21.wav,child_96_sentence_21.wav,./audio/children/child_027/imitation/child_96_sentence_21.wav,reading_vs_imitation
96,22,child_96_reading_22.wav,./audio/children/child_027/reading/child_96_reading_22.wav,child_96_sentence_22.wav,./audio/children/child_027/imitation/child_96_sentence_22.wav,reading_vs_imitation
96,23,child_96_reading_23.wav,./audio/children/child_027/reading/child_96_reading_23.wav,child_96_sentence_23.wav,./audio/children/child_027/imitation/child_96_sentence_23.wav,reading_vs_imitation
96,24,child_96_reading_24.wav,./audio/children/child_027/reading/child_96_reading_24.wav,child_96_sentence_24.wav,./audio/children/child_027/imitation/child_96_sentence_24.wav,reading_vs_imitation
96,25,child_96_reading_25.wav,./audio/children/child_027/reading/child_96_reading_25.wav,child_96_sentence_25.wav,./audio/children/child_027/imitation/child_96_sentence_25.wav,reading_vs_imitation
96,26,child_96_reading_26.wav,./audio/children/child_027/reading/child_96_reading_26.wav,child_96_sentence_26.wav,./audio/children/child_027/imitation/child_96_sentence_26.wav,reading_vs_imitation
96,27,child_96_reading_27.wav,./audio/children/child_027/reading/child_96_reading_27.wav,child_96_sentence_27.wav,./audio/children/child_027/imitation/child_96_sentence_27.wav,reading_vs_imitation
96,28,child_96_reading_28.wav,./audio/children/child_027/reading/child_96_reading_28.wav,child_96_sentence_28.wav,./audio/children/child_027/imitation/child_96_sentence_28.wav,reading_vs_imitation
96,29,child_96_reading_29.wav,./audio/children/child_027/reading/child_96_reading_29.wav,child_96_sentence_29.wav,./audio/children/child_027/imitation/child_96_sentence_29.wav,reading_vs_imitation
97,1,child_97_reading_01.wav,./audio/children/child_028/reading/child_97_reading_01.wav,child_97_sentence_01.wav,./audio/children/child_028/imitation/child_97_sentence_01.wav,reading_vs_imitation
97,2,child_97_reading_02.wav,./audio/children/child_028/reading/child_97_reading_02.wav,child_97_sentence_02.wav,./audio/children/child_028/imitation/child_97_sentence_02.wav,reading_vs_imitation
97,3,child_97_reading_03.wav,./audio/children/child_028/reading/child_97_reading_03.wav,child_97_sentence_03.wav,./audio/children/child_028/imitation/child_97_sentence_03.wav,reading_vs_imitation
97,4,child_97_reading_04.wav,./audio/children/child_028/reading/child_97_reading_04.wav,child_97_sentence_04.wav,./audio/children/child_028/imitation/child_97_sentence_04.wav,reading_vs_imitation
97,5,child_97_reading_05.wav,./audio/children/child_028/reading/child_97_reading_05.wav,child_97_sentence_05.wav,./audio/children/child_028/imitation/child_97_sentence_05.wav,reading_vs_imitation
97,6,child_97_reading_06.wav,./audio/children/child_028/reading/child_97_reading_06.wav,child_97_sentence_06.wav,./audio/children/child_028/imitation/child_97_sentence_06.wav,reading_vs_imitation
97,7,child_97_reading_07.wav,./audio/children/child_028/reading/child_97_reading_07.wav,child_97_sentence_07.wav,./audio/children/child_028/imitation/child_97_sentence_07.wav,reading_vs_imitation
97,8,child_97_reading_08.wav,./audio/children/child_028/reading/child_97_reading_08.wav,child_97_sentence_08.wav,./audio/children/child_028/imitation/child_97_sentence_08.wav,reading_vs_imitation
97,9,child_97_reading_09.wav,./audio/children/child_028/reading/child_97_reading_09.wav,child_97_sentence_09.wav,./audio/children/child_028/imitation/child_97_sentence_09.wav,reading_vs_imitation
97,10,child_97_reading_10.wav,./audio/children/child_028/reading/child_97_reading_10.wav,child_97_sentence_10.wav,./audio/children/child_028/imitation/child_97_sentence_10.wav,reading_vs_imitation
97,11,child_97_reading_11.wav,./audio/children/child_028/reading/child_97_reading_11.wav,child_97_sentence_11.wav,./audio/children/child_028/imitation/child_97_sentence_11.wav,reading_vs_imitation
97,12,child_97_reading_12.wav,./audio/children/child_028/reading/child_97_reading_12.wav,child_97_sentence_12.wav,./audio/children/child_028/imitation/child_97_sentence_12.wav,reading_vs_imitation
97,13,child_97_reading_13.wav,./audio/children/child_028/reading/child_97_reading_13.wav,child_97_sentence_13.wav,./audio/children/child_028/imitation/child_97_sentence_13.wav,reading_vs_imitation
97,14,child_97_reading_14.wav,./audio/children/child_028/reading/child_97_reading_14.wav,child_97_sentence_14.wav,./audio/children/child_028/imitation/child_97_sentence_14.wav,reading_vs_imitation
97,15,child_97_reading_15.wav,./audio/children/child_028/reading/child_97_reading_15.wav,child_97_sentence_15.wav,./audio/children/child_028/imitation/child_97_sentence_15.wav,reading_vs_imitation
97,16,child_97_reading_16.wav,./audio/children/child_028/reading/child_97_reading_16.wav,child_97_sentence_16.wav,./audio/children/child_028/imitation/child_97_sentence_16.wav,reading_vs_imitation
97,17,child_97_reading_17.wav,./audio/children/child_028/reading/child_97_reading_17.wav,child_97_sentence_17.wav,./audio/children/child_028/imitation/child_97_sentence_17.wav,reading_vs_imitation
97,18,child_97_reading_18.wav,./audio/children/child_028/reading/child_97_reading_18.wav,child_97_sentence_18.wav,./audio/children/child_028/imitation/child_97_sentence_18.wav,reading_vs_imitation
97,19,child_97_reading_19.wav,./audio/children/child_028/reading/child_97_reading_19.wav,child_97_sentence_19.wav,./audio/children/child_028/imitation/child_97_sentence_19.wav,reading_vs_imitation
97,20,child_97_reading_20.wav,./audio/children/child_028/reading/child_97_reading_20.wav,child_97_sentence_20.wav,./audio/children/child_028/imitation/child_97_sentence_20.wav,reading_vs_imitation
97,21,child_97_reading_21.wav,./audio/children/child_028/reading/child_97_reading_21.wav,child_97_sentence_21.wav,./audio/children/child_028/imitation/child_97_sentence_21.wav,reading_vs_imitation
97,22,child_97_reading_22.wav,./audio/children/child_028/reading/child_97_reading_22.wav,child_97_sentence_22.wav,./audio/children/child_028/imitation/child_97_sentence_22.wav,reading_vs_imitation
97,23,child_97_reading_23.wav,./audio/children/child_028/reading/child_97_reading_23.wav,child_97_sentence_23.wav,./audio/children/child_028/imitation/child_97_sentence_23.wav,reading_vs_imitation
97,24,child_97_reading_24.wav,./audio/children/child_028/reading/child_97_reading_24.wav,child_97_sentence_24.wav,./audio/children/child_028/imitation/child_97_sentence_24.wav,reading_vs_imitation
97,25,child_97_reading_25.wav,./audio/children/child_028/reading/child_97_reading_25.wav,child_97_sentence_25.wav,./audio/children/child_028/imitation/child_97_sentence_25.wav,reading_vs_imitation
97,26,child_97_reading_26.wav,./audio/children/child_028/reading/child_97_reading_26.wav,child_97_sentence_26.wav,./audio/children/child_028/imitation/child_97_sentence_26.wav,reading_vs_imitation
97,27,child_97_reading_27.wav,./audio/children/child_028/reading/child_97_reading_27.wav,child_97_sentence_27.wav,./audio/children/child_028/imitation/child_97_sentence_27.wav,reading_vs_imitation
97,28,child_97_reading_28.wav,./audio/children/child_028/reading/child_97_reading_28.wav,child_97_sentence_28.wav,./audio/children/child_028/imitation/child_97_sentence_28.wav,reading_vs_imitation
97,29,child_97_reading_29.wav,./audio/children/child_028/reading/child_97_reading_29.wav,child_97_sentence_29.wav,./audio/children/child_028/imitation/child_97_sentence_29.wav,reading_vs_imitation
98,1,child_98_reading_01.wav,./audio/children/child_029/reading/child_98_reading_01.wav,child_98_sentence_01.wav,./audio/children/child_029/imitation/child_98_sentence_01.wav,reading_vs_imitation
98,2,child_98_reading_02.wav,./audio/children/child_029/reading/child_98_reading_02.wav,child_98_sentence_02.wav,./audio/children/child_029/imitation/child_98_sentence_02.wav,reading_vs_imitation
98,3,child_98_reading_03.wav,./audio/children/child_029/reading/child_98_reading_03.wav,child_98_sentence_03.wav,./audio/children/child_029/imitation/child_98_sentence_03.wav,reading_vs_imitation
98,4,child_98_reading_04.wav,./audio/children/child_029/reading/child_98_reading_04.wav,child_98_sentence_04.wav,./audio/children/child_029/imitation/child_98_sentence_04.wav,reading_vs_imitation
98,5,child_98_reading_05.wav,./audio/children/child_029/reading/child_98_reading_05.wav,child_98_sentence_05.wav,./audio/children/child_029/imitation/child_98_sentence_05.wav,reading_vs_imitation
98,6,child_98_reading_06.wav,./audio/children/child_029/reading/child_98_reading_06.wav,child_98_sentence_06.wav,./audio/children/child_029/imitation/child_98_sentence_06.wav,reading_vs_imitation
98,7,child_98_reading_07.wav,./audio/children/child_029/reading/child_98_reading_07.wav,child_98_sentence_07.wav,./audio/children/child_029/imitation/child_98_sentence_07.wav,reading_vs_imitation
98,8,child_98_reading_08.wav,./audio/children/child_029/reading/child_98_reading_08.wav,child_98_sentence_08.wav,./audio/children/child_029/imitation/child_98_sentence_08.wav,reading_vs_imitation
98,9,child_98_reading_09.wav,./audio/children/child_029/reading/child_98_reading_09.wav,child_98_sentence_09.wav,./audio/children/child_029/imitation/child_98_sentence_09.wav,reading_vs_imitation
98,10,child_98_reading_10.wav,./audio/children/child_029/reading/child_98_reading_10.wav,child_98_sentence_10.wav,./audio/children/child_029/imitation/child_98_sentence_10.wav,reading_vs_imitation
98,11,child_98_reading_11.wav,./audio/children/child_029/reading/child_98_reading_11.wav,child_98_sentence_11.wav,./audio/children/child_029/imitation/child_98_sentence_11.wav,reading_vs_imitation
98,12,child_98_reading_12.wav,./audio/children/child_029/reading/child_98_reading_12.wav,child_98_sentence_12.wav,./audio/children/child_029/imitation/child_98_sentence_12.wav,reading_vs_imitation
98,13,child_98_reading_13.wav,./audio/children/child_029/reading/child_98_reading_13.wav,child_98_sentence_13.wav,./audio/children/child_029/imitation/child_98_sentence_13.wav,reading_vs_imitation
98,14,child_98_reading_14.wav,./audio/children/child_029/reading/child_98_reading_14.wav,child_98_sentence_14.wav,./audio/children/child_029/imitation/child_98_sentence_14.wav,reading_vs_imitation
98,15,child_98_reading_15.wav,./audio/children/child_029/reading/child_98_reading_15.wav,child_98_sentence_15.wav,./audio/children/child_029/imitation/child_98_sentence_15.wav,reading_vs_imitation
98,16,child_98_reading_16.wav,./audio/children/child_029/reading/child_98_reading_16.wav,child_98_sentence_16.wav,./audio/children/child_029/imitation/child_98_sentence_16.wav,reading_vs_imitation
98,17,child_98_reading_17.wav,./audio/children/child_029/reading/child_98_reading_17.wav,child_98_sentence_17.wav,./audio/children/child_029/imitation/child_98_sentence_17.wav,reading_vs_imitation
98,18,child_98_reading_18.wav,./audio/children/child_029/reading/child_98_reading_18.wav,child_98_sentence_18.wav,./audio/children/child_029/imitation/child_98_sentence_18.wav,reading_vs_imitation
98,19,child_98_reading_19.wav,./audio/children/child_029/reading/child_98_reading_19.wav,child_98_sentence_19.wav,./audio/children/child_029/imitation/child_98_sentence_19.wav,reading_vs_imitation
98,20,child_98_reading_20.wav,./audio/children/child_029/reading/child_98_reading_20.wav,child_98_sentence_20.wav,./audio/children/child_029/imitation/child_98_sentence_20.wav,reading_vs_imitation
98,21,child_98_reading_21.wav,./audio/children/child_029/reading/child_98_reading_21.wav,child_98_sentence_21.wav,./audio/children/child_029/imitation/child_98_sentence_21.wav,reading_vs_imitation
98,22,child_98_reading_22.wav,./audio/children/child_029/reading/child_98_reading_22.wav,child_98_sentence_22.wav,./audio/children/child_029/imitation/child_98_sentence_22.wav,reading_vs_imitation
98,23,child_98_reading_23.wav,./audio/children/child_029/reading/child_98_reading_23.wav,child_98_sentence_23.wav,./audio/children/child_029/imitation/child_98_sentence_23.wav,reading_vs_imitation
98,24,child_98_reading_24.wav,./audio/children/child_029/reading/child_98_reading_24.wav,child_98_sentence_24.wav,./audio/children/child_029/imitation/child_98_sentence_24.wav,reading_vs_imitation
98,25,child_98_reading_25.wav,./audio/children/child_029/reading/child_98_reading_25.wav,child_98_sentence_25.wav,./audio/children/child_029/imitation/child_98_sentence_25.wav,reading_vs_imitation
98,26,child_98_reading_26.wav,./audio/children/child_029/reading/child_98_reading_26.wav,child_98_sentence_26.wav,./audio/children/child_029/imitation/child_98_sentence_26.wav,reading_vs_imitation
98,27,child_98_reading_27.wav,./audio/children/child_029/reading/child_98_reading_27.wav,child_98_sentence_27.wav,./audio/children/child_029/imitation/child_98_sentence_27.wav,reading_vs_imitation
98,28,child_98_reading_28.wav,./audio/children/child_029/reading/child_98_reading_28.wav,child_98_sentence_28.wav,./audio/children/child_029/imitation/child_98_sentence_28.wav,reading_vs_imitation
98,29,child_98_reading_29.wav,./audio/children/child_029/reading/child_98_reading_29.wav,child_98_sentence_29.wav,./audio/children/child_029/imitation/child_98_sentence_29.wav,reading_vs_imitation
99,1,child_99_reading_01.wav,./audio/children/child_030/reading/child_99_reading_01.wav,child_99_sentence_01.wav,./audio/children/child_030/imitation/child_99_sentence_01.wav,reading_vs_imitation
99,2,child_99_reading_02.wav,./audio/children/child_030/reading/child_99_reading_02.wav,child_99_sentence_02.wav,./audio/children/child_030/imitation/child_99_sentence_02.wav,reading_vs_imitation
99,3,child_99_reading_03.wav,./audio/children/child_030/reading/child_99_reading_03.wav,child_99_sentence_03.wav,./audio/children/child_030/imitation/child_99_sentence_03.wav,reading_vs_imitation
99,4,child_99_reading_04.wav,./audio/children/child_030/reading/child_99_reading_04.wav,child_99_sentence_04.wav,./audio/children/child_030/imitation/child_99_sentence_04.wav,reading_vs_imitation
99,5,child_99_reading_05.wav,./audio/children/child_030/reading/child_99_reading_05.wav,child_99_sentence_05.wav,./audio/children/child_030/imitation/child_99_sentence_05.wav,reading_vs_imitation
99,6,child_99_reading_06.wav,./audio/children/child_030/reading/child_99_reading_06.wav,child_99_sentence_06.wav,./audio/children/child_030/imitation/child_99_sentence_06.wav,reading_vs_imitation
99,7,child_99_reading_07.wav,./audio/children/child_030/reading/child_99_reading_07.wav,child_99_sentence_07.wav,./audio/children/child_030/imitation/child_99_sentence_07.wav,reading_vs_imitation
99,8,child_99_reading_08.wav,./audio/children/child_030/reading/child_99_reading_08.wav,child_99_sentence_08.wav,./audio/children/child_030/imitation/child_99_sentence_08.wav,reading_vs_imitation
99,9,child_99_reading_09.wav,./audio/children/child_030/reading/child_99_reading_09.wav,child_99_sentence_09.wav,./audio/children/child_030/imitation/child_99_sentence_09.wav,reading_vs_imitation
99,10,child_99_reading_10.wav,./audio/children/child_030/reading/child_99_reading_10.wav,child_99_sentence_10.wav,./audio/children/child_030/imitation/child_99_sentence_10.wav,reading_vs_imitation
99,11,child_99_reading_11.wav,./audio/children/child_030/reading/child_99_reading_11.wav,child_99_sentence_11.wav,./audio/children/child_030/imitation/child_99_sentence_11.wav,reading_vs_imitation
99,12,child_99_reading_12.wav,./audio/children/child_030/reading/child_99_reading_12.wav,child_99_sentence_12.wav,./audio/children/child_030/imitation/child_99_sentence_12.wav,reading_vs_imitation
99,13,child_99_reading_13.wav,./audio/children/child_030/reading/child_99_reading_13.wav,child_99_sentence_13.wav,./audio/children/child_030/imitation/child_99_sentence_13.wav,reading_vs_imitation
99,14,child_99_reading_14.wav,./audio/children/child_030/reading/child_99_reading_14.wav,child_99_sentence_14.wav,./audio/children/child_030/imitation/child_99_sentence_14.wav,reading_vs_imitation
99,15,child_99_reading_15.wav,./audio/children/child_030/reading/child_99_reading_15.wav,child_99_sentence_15.wav,./audio/children/child_030/imitation/child_99_sentence_15.wav,reading_vs_imitation
99,16,child_99_reading_16.wav,./audio/children/child_030/reading/child_99_reading_16.wav,child_99_sentence_16.wav,./audio/children/child_030/imitation/child_99_sentence_16.wav,reading_vs_imitation
99,17,child_99_reading_17.wav,./audio/children/child_030/reading/child_99_reading_17.wav,child_99_sentence_17.wav,./audio/children/child_030/imitation/child_99_sentence_17.wav,reading_vs_imitation
99,18,child_99_reading_18.wav,./audio/children/child_030/reading/child_99_reading_18.wav,child_99_sentence_18.wav,./audio/children/child_030/imitation/child_99_sentence_18.wav,reading_vs_imitation
99,19,child_99_reading_19.wav,./audio/children/child_030/reading/child_99_reading_19.wav,child_99_sentence_19.wav,./audio/children/child_030/imitation/child_99_sentence_19.wav,reading_vs_imitation
99,20,child_99_reading_20.wav,./audio/children/child_030/reading/child_99_reading_20.wav,child_99_sentence_20.wav,./audio/children/child_030/imitation/child_99_sentence_20.wav,reading_vs_imitation
99,21,child_99_reading_21.wav,./audio/children/child_030/reading/child_99_reading_21.wav,child_99_sentence_21.wav,./audio/children/child_030/imitation/child_99_sentence_21.wav,reading_vs_imitation
99,22,child_99_reading_22.wav,./audio/children/child_030/reading/child_99_reading_22.wav,child_99_sentence_22.wav,./audio/children/child_030/imitation/child_99_sentence_22.wav,reading_vs_imitation
99,23,child_99_reading_23.wav,./audio/children/child_030/reading/child_99_reading_23.wav,child_99_sentence_23.wav,./audio/children/child_030/imitation/child_99_sentence_23.wav,reading_vs_imitation
99,24,child_99_reading_24.wav,./audio/children/child_030/reading/child_99_reading_24.wav,child_99_sentence_24.wav,./audio/children/child_030/imitation/child_99_sentence_24.wav,reading_vs_imitation
99,25,child_99_reading_25.wav,./audio/children/child_030/reading/child_99_reading_25.wav,child_99_sentence_25.wav,./audio/children/child_030/imitation/child_99_sentence_25.wav,reading_vs_imitation
99,26,child_99_reading_26.wav,./audio/children/child_030/reading/child_99_reading_26.wav,child_99_sentence_26.wav,./audio/children/child_030/imitation/child_99_sentence_26.wav,reading_vs_imitation
99,27,child_99_reading_27.wav,./audio/children/child_030/reading/child_99_reading_27.wav,child_99_sentence_27.wav,./audio/children/child_030/imitation/child_99_sentence_27.wav,reading_vs_imitation
99,28,child_99_reading_28.wav,./audio/children/child_030/reading/child_99_reading_28.wav,child_99_sentence_28.wav,./audio/children/child_030/imitation/child_99_sentence_28.wav,reading_vs_imitation
99,29,child_99_reading_29.wav,./audio/children/child_030/reading/child_99_reading_29.wav,child_99_sentence_29.wav,./audio/children/child_030/imitation/child_99_sentence_29.wav,reading_vs_imitation
100,1,child_100_reading_01.wav,./audio/children/child_031/reading/child_100_reading_01.wav,child_100_sentence_01.wav,./audio/children/child_031/imitation/child_100_sentence_01.wav,reading_vs_imitation
100,2,child_100_reading_02.wav,./audio/children/child_031/reading/child_100_reading_02.wav,child_100_sentence_02.wav,./audio/children/child_031/imitation/child_100_sentence_02.wav,reading_vs_imitation
100,3,child_100_reading_03.wav,./audio/children/child_031/reading/child_100_reading_03.wav,child_100_sentence_03.wav,./audio/children/child_031/imitation/child_100_sentence_03.wav,reading_vs_imitation
100,4,child_100_reading_04.wav,./audio/children/child_031/reading/child_100_reading_04.wav,child_100_sentence_04.wav,./audio/children/child_031/imitation/child_100_sentence_04.wav,reading_vs_imitation
100,5,child_100_reading_05.wav,./audio/children/child_031/reading/child_100_reading_05.wav,child_100_sentence_05.wav,./audio/children/child_031/imitation/child_100_sentence_05.wav,reading_vs_imitation
100,6,child_100_reading_06.wav,./audio/children/child_031/reading/child_100_reading_06.wav,child_100_sentence_06.wav,./audio/children/child_031/imitation/child_100_sentence_06.wav,reading_vs_imitation
100,7,child_100_reading_07.wav,./audio/children/child_031/reading/child_100_reading_07.wav,child_100_sentence_07.wav,./audio/children/child_031/imitation/child_100_sentence_07.wav,reading_vs_imitation
100,8,child_100_reading_08.wav,./audio/children/child_031/reading/child_100_reading_08.wav,child_100_sentence_08.wav,./audio/children/child_031/imitation/child_100_sentence_08.wav,reading_vs_imitation
100,9,child_100_reading_09.wav,./audio/children/child_031/reading/child_100_reading_09.wav,child_100_sentence_09.wav,./audio/children/child_031/imitation/child_100_sentence_09.wav,reading_vs_imitation
100,10,child_100_reading_10.wav,./audio/children/child_031/reading/child_100_reading_10.wav,child_100_sentence_10.wav,./audio/children/child_031/imitation/child_100_sentence_10.wav,reading_vs_imitation
100,11,child_100_reading_11.wav,./audio/children/child_031/reading/child_100_reading_11.wav,child_100_sentence_11.wav,./audio/children/child_031/imitation/child_100_sentence_11.wav,reading_vs_imitation
100,12,child_100_reading_12.wav,./audio/children/child_031/reading/child_100_reading_12.wav,child_100_sentence_12.wav,./audio/children/child_031/imitation/child_100_sentence_12.wav,reading_vs_imitation
100,13,child_100_reading_13.wav,./audio/children/child_031/reading/child_100_reading_13.wav,child_100_sentence_13.wav,./audio/children/child_031/imitation/child_100_sentence_13.wav,reading_vs_imitation
100,14,child_100_reading_14.wav,./audio/children/child_031/reading/child_100_reading_14.wav,child_100_sentence_14.wav,./audio/children/child_031/imitation/child_100_sentence_14.wav,reading_vs_imitation
100,15,child_100_reading_15.wav,./audio/children/child_031/reading/child_100_reading_15.wav,child_100_sentence_15.wav,./audio/children/child_031/imitation/child_100_sentence_15.wav,reading_vs_imitation
100,16,child_100_reading_16.wav,./audio/children/child_031/reading/child_100_reading_16.wav,child_100_sentence_16.wav,./audio/children/child_031/imitation/child_100_sentence_16.wav,reading_vs_imitation
100,17,child_100_reading_17.wav,./audio/children/child_031/reading/child_100_reading_17.wav,child_100_sentence_17.wav,./audio/children/child_031/imitation/child_100_sentence_17.wav,reading_vs_imitation
100,18,child_100_reading_18.wav,./audio/children/child_031/reading/child_100_reading_18.wav,child_100_sentence_18.wav,./audio/children/child_031/imitation/child_100_sentence_18.wav,reading_vs_imitation
100,19,child_100_reading_19.wav,./audio/children/child_031/reading/child_100_reading_19.wav,child_100_sentence_19.wav,./audio/children/child_031/imitation/child_100_sentence_19.wav,reading_vs_imitation
100,20,child_100_reading_20.wav,./audio/children/child_031/reading/child_100_reading_20.wav,child_100_sentence_20.wav,./audio/children/child_031/imitation/child_100_sentence_20.wav,reading_vs_imitation
100,21,child_100_reading_21.wav,./audio/children/child_031/reading/child_100_reading_21.wav,child_100_sentence_21.wav,./audio/children/child_031/imitation/child_100_sentence_21.wav,reading_vs_imitation
100,22,child_100_reading_22.wav,./audio/children/child_031/reading/child_100_reading_22.wav,child_100_sentence_22.wav,./audio/children/child_031/imitation/child_100_sentence_22.wav,reading_vs_imitation
100,23,child_100_reading_23.wav,./audio/children/child_031/reading/child_100_reading_23.wav,child_100_sentence_23.wav,./audio/children/child_031/imitation/child_100_sentence_23.wav,reading_vs_imitation
100,24,child_100_reading_24.wav,./audio/children/child_031/reading/child_100_reading_24.wav,child_100_sentence_24.wav,./audio/children/child_031/imitation/child_100_sentence_24.wav,reading_vs_imitation
100,25,child_100_reading_25.wav,./audio/children/child_031/reading/child_100_reading_25.wav,child_100_sentence_25.wav,./audio/children/child_031/imitation/child_100_sentence_25.wav,reading_vs_imitation
100,26,child_100_reading_26.wav,./audio/children/child_031/reading/child_100_reading_26.wav,child_100_sentence_26.wav,./audio/children/child_031/imitation/child_100_sentence_26.wav,reading_vs_imitation
100,27,child_100_reading_27.wav,./audio/children/child_031/reading/child_100_reading_27.wav,child_100_sentence_27.wav,./audio/children/child_031/imitation/child_100_sentence_27.wav,reading_vs_imitation
100,28,child_100_reading_28.wav,./audio/children/child_031/reading/child_100_reading_28.wav,child_100_sentence_28.wav,./audio/children/child_031/imitation/child_100_sentence_28.wav,reading_vs_imitation
100,29,child_100_reading_29.wav,./audio/children/child_031/reading/child_100_reading_29.wav,child_100_sentence_29.wav,./audio/children/child_031/imitation/child_100_sentence_29.wav,reading_vs_imitation
101,1,child_101_reading_01.wav,./audio/children/child_032/reading/child_101_reading_01.wav,child_101_sentence_01.wav,./audio/children/child_032/imitation/child_101_sentence_01.wav,reading_vs_imitation
101,2,child_101_reading_02.wav,./audio/children/child_032/reading/child_101_reading_02.wav,child_101_sentence_02.wav,./audio/children/child_032/imitation/child_101_sentence_02.wav,reading_vs_imitation
101,3,child_101_reading_03.wav,./audio/children/child_032/reading/child_101_reading_03.wav,child_101_sentence_03.wav,./audio/children/child_032/imitation/child_101_sentence_03.wav,reading_vs_imitation
101,4,child_101_reading_04.wav,./audio/children/child_032/reading/child_101_reading_04.wav,child_101_sentence_04.wav,./audio/children/child_032/imitation/child_101_sentence_04.wav,reading_vs_imitation
101,5,child_101_reading_05.wav,./audio/children/child_032/reading/child_101_reading_05.wav,child_101_sentence_05.wav,./audio/children/child_032/imitation/child_101_sentence_05.wav,reading_vs_imitation
101,6,child_101_reading_06.wav,./audio/children/child_032/reading/child_101_reading_06.wav,child_101_sentence_06.wav,./audio/children/child_032/imitation/child_101_sentence_06.wav,reading_vs_imitation
101,7,child_101_reading_07.wav,./audio/children/child_032/reading/child_101_reading_07.wav,child_101_sentence_07.wav,./audio/children/child_032/imitation/child_101_sentence_07.wav,reading_vs_imitation
101,8,child_101_reading_08.wav,./audio/children/child_032/reading/child_101_reading_08.wav,child_101_sentence_08.wav,./audio/children/child_032/imitation/child_101_sentence_08.wav,reading_vs_imitation
101,9,child_101_reading_09.wav,./audio/children/child_032/reading/child_101_reading_09.wav,child_101_sentence_09.wav,./audio/children/child_032/imitation/child_101_sentence_09.wav,reading_vs_imitation
101,10,child_101_reading_10.wav,./audio/children/child_032/reading/child_101_reading_10.wav,child_101_sentence_10.wav,./audio/children/child_032/imitation/child_101_sentence_10.wav,reading_vs_imitation
101,11,child_101_reading_11.wav,./audio/children/child_032/reading/child_101_reading_11.wav,child_101_sentence_11.wav,./audio/children/child_032/imitation/child_101_sentence_11.wav,reading_vs_imitation
101,12,child_101_reading_12.wav,./audio/children/child_032/reading/child_101_reading_12.wav,child_101_sentence_12.wav,./audio/children/child_032/imitation/child_101_sentence_12.wav,reading_vs_imitation
101,13,child_101_reading_13.wav,./audio/children/child_032/reading/child_101_reading_13.wav,child_101_sentence_13.wav,./audio/children/child_032/imitation/child_101_sentence_13.wav,reading_vs_imitation
101,14,child_101_reading_14.wav,./audio/children/child_032/reading/child_101_reading_14.wav,child_101_sentence_14.wav,./audio/children/child_032/imitation/child_101_sentence_14.wav,reading_vs_imitation
101,15,child_101_reading_15.wav,./audio/children/child_032/reading/child_101_reading_15.wav,child_101_sentence_15.wav,./audio/children/child_032/imitation/child_101_sentence_15.wav,reading_vs_imitation
101,16,child_101_reading_16.wav,./audio/children/child_032/reading/child_101_reading_16.wav,child_101_sentence_16.wav,./audio/children/child_032/imitation/child_101_sentence_16.wav,reading_vs_imitation
101,17,child_101_reading_17.wav,./audio/children/child_032/reading/child_101_reading_17.wav,child_101_sentence_17.wav,./audio/children/child_032/imitation/child_101_sentence_17.wav,reading_vs_imitation
101,18,child_101_reading_18.wav,./audio/children/child_032/reading/child_101_reading_18.wav,child_101_sentence_18.wav,./audio/children/child_032/imitation/child_101_sentence_18.wav,reading_vs_imitation
101,19,child_101_reading_19.wav,./audio/children/child_032/reading/child_101_reading_19.wav,child_101_sentence_19.wav,./audio/children/child_032/imitation/child_101_sentence_19.wav,reading_vs_imitation
101,20,child_101_reading_20.wav,./audio/children/child_032/reading/child_101_reading_20.wav,child_101_sentence_20.wav,./audio/children/child_032/imitation/child_101_sentence_20.wav,reading_vs_imitation
101,21,child_101_reading_21.wav,./audio/children/child_032/reading/child_101_reading_21.wav,child_101_sentence_21.wav,./audio/children/child_032/imitation/child_101_sentence_21.wav,reading_vs_imitation
101,22,child_101_reading_22.wav,./audio/children/child_032/reading/child_101_reading_22.wav,child_101_sentence_22.wav,./audio/children/child_032/imitation/child_101_sentence_22.wav,reading_vs_imitation
101,23,child_101_reading_23.wav,./audio/children/child_032/reading/child_101_reading_23.wav,child_101_sentence_23.wav,./audio/children/child_032/imitation/child_101_sentence_23.wav,reading_vs_imitation
101,24,child_101_reading_24.wav,./audio/children/child_032/reading/child_101_reading_24.wav,child_101_sentence_24.wav,./audio/children/child_032/imitation/child_101_sentence_24.wav,reading_vs_imitation
101,25,child_101_reading_25.wav,./audio/children/child_032/reading/child_101_reading_25.wav,child_101_sentence_25.wav,./audio/children/child_032/imitation/child_101_sentence_25.wav,reading_vs_imitation
101,26,child_101_reading_26.wav,./audio/children/child_032/reading/child_101_reading_26.wav,child_101_sentence_26.wav,./audio/children/child_032/imitation/child_101_sentence_26.wav,reading_vs_imitation
101,27,child_101_reading_27.wav,./audio/children/child_032/reading/child_101_reading_27.wav,child_101_sentence_27.wav,./audio/children/child_032/imitation/child_101_sentence_27.wav,reading_vs_imitation
101,28,child_101_reading_28.wav,./audio/children/child_032/reading/child_101_reading_28.wav,child_101_sentence_28.wav,./audio/children/child_032/imitation/child_101_sentence_28.wav,reading_vs_imitation
101,29,child_101_reading_29.wav,./audio/children/child_032/reading/child_101_reading_29.wav,child_101_sentence_29.wav,./audio/children/child_032/imitation/child_101_sentence_29.wav,reading_vs_imitation
102,1,child_102_reading_01.wav,./audio/children/child_033/reading/child_102_reading_01.wav,child_102_sentence_01.wav,./audio/children/child_033/imitation/child_102_sentence_01.wav,reading_vs_imitation
102,2,child_102_reading_02.wav,./audio/children/child_033/reading/child_102_reading_02.wav,child_102_sentence_02.wav,./audio/children/child_033/imitation/child_102_sentence_02.wav,reading_vs_imitation
102,3,child_102_reading_03.wav,./audio/children/child_033/reading/child_102_reading_03.wav,child_102_sentence_03.wav,./audio/children/child_033/imitation/child_102_sentence_03.wav,reading_vs_imitation
102,4,child_102_reading_04.wav,./audio/children/child_033/reading/child_102_reading_04.wav,child_102_sentence_04.wav,./audio/children/child_033/imitation/child_102_sentence_04.wav,reading_vs_imitation
102,5,child_102_reading_05.wav,./audio/children/child_033/reading/child_102_reading_05.wav,child_102_sentence_05.wav,./audio/children/child_033/imitation/child_102_sentence_05.wav,reading_vs_imitation
102,6,child_102_reading_06.wav,./audio/children/child_033/reading/child_102_reading_06.wav,child_102_sentence_06.wav,./audio/children/child_033/imitation/child_102_sentence_06.wav,reading_vs_imitation
102,7,child_102_reading_07.wav,./audio/children/child_033/reading/child_102_reading_07.wav,child_102_sentence_07.wav,./audio/children/child_033/imitation/child_102_sentence_07.wav,reading_vs_imitation
102,8,child_102_reading_08.wav,./audio/children/child_033/reading/child_102_reading_08.wav,child_102_sentence_08.wav,./audio/children/child_033/imitation/child_102_sentence_08.wav,reading_vs_imitation
102,9,child_102_reading_09.wav,./audio/children/child_033/reading/child_102_reading_09.wav,child_102_sentence_09.wav,./audio/children/child_033/imitation/child_102_sentence_09.wav,reading_vs_imitation
102,10,child_102_reading_10.wav,./audio/children/child_033/reading/child_102_reading_10.wav,child_102_sentence_10.wav,./audio/children/child_033/imitation/child_102_sentence_10.wav,reading_vs_imitation
102,11,child_102_reading_11.wav,./audio/children/child_033/reading/child_102_reading_11.wav,child_102_sentence_11.wav,./audio/children/child_033/imitation/child_102_sentence_11.wav,reading_vs_imitation
102,12,child_102_reading_12.wav,./audio/children/child_033/reading/child_102_reading_12.wav,child_102_sentence_12.wav,./audio/children/child_033/imitation/child_102_sentence_12.wav,reading_vs_imitation
102,13,child_102_reading_13.wav,./audio/children/child_033/reading/child_102_reading_13.wav,child_102_sentence_13.wav,./audio/children/child_033/imitation/child_102_sentence_13.wav,reading_vs_imitation
102,14,child_102_reading_14.wav,./audio/children/child_033/reading/child_102_reading_14.wav,child_102_sentence_14.wav,./audio/children/child_033/imitation/child_102_sentence_14.wav,reading_vs_imitation
102,15,child_102_reading_15.wav,./audio/children/child_033/reading/child_102_reading_15.wav,child_102_sentence_15.wav,./audio/children/child_033/imitation/child_102_sentence_15.wav,reading_vs_imitation
102,16,child_102_reading_16.wav,./audio/children/child_033/reading/child_102_reading_16.wav,child_102_sentence_16.wav,./audio/children/child_033/imitation/child_102_sentence_16.wav,reading_vs_imitation
102,17,child_102_reading_17.wav,./audio/children/child_033/reading/child_102_reading_17.wav,child_102_sentence_17.wav,./audio/children/child_033/imitation/child_102_sentence_17.wav,reading_vs_imitation
102,18,child_102_reading_18.wav,./audio/children/child_033/reading/child_102_reading_18.wav,child_102_sentence_18.wav,./audio/children/child_033/imitation/child_102_sentence_18.wav,reading_vs_imitation
102,19,child_102_reading_19.wav,./audio/children/child_033/reading/child_102_reading_19.wav,child_102_sentence_19.wav,./audio/children/child_033/imitation/child_102_sentence_19.wav,reading_vs_imitation
102,20,child_102_reading_20.wav,./audio/children/child_033/reading/child_102_reading_20.wav,child_102_sentence_20.wav,./audio/children/child_033/imitation/child_102_sentence_20.wav,reading_vs_imitation
102,21,child_102_reading_21.wav,./audio/children/child_033/reading/child_102_reading_21.wav,child_102_sentence_21.wav,./audio/children/child_033/imitation/child_102_sentence_21.wav,reading_vs_imitation
102,22,child_102_reading_22.wav,./audio/children/child_033/reading/child_102_reading_22.wav,child_102_sentence_22.wav,./audio/children/child_033/imitation/child_102_sentence_22.wav,reading_vs_imitation
102,23,child_102_reading_23.wav,./audio/children/child_033/reading/child_102_reading_23.wav,child_102_sentence_23.wav,./audio/children/child_033/imitation/child_102_sentence_23.wav,reading_vs_imitation
102,24,child_102_reading_24.wav,./audio/children/child_033/reading/child_102_reading_24.wav,child_102_sentence_24.wav,./audio/children/child_033/imitation/child_102_sentence_24.wav,reading_vs_imitation
102,25,child_102_reading_25.wav,./audio/children/child_033/reading/child_102_reading_25.wav,child_102_sentence_25.wav,./audio/children/child_033/imitation/child_102_sentence_25.wav,reading_vs_imitation
102,26,child_102_reading_26.wav,./audio/children/child_033/reading/child_102_reading_26.wav,child_102_sentence_26.wav,./audio/children/child_033/imitation/child_102_sentence_26.wav,reading_vs_imitation
102,27,child_102_reading_27.wav,./audio/children/child_033/reading/child_102_reading_27.wav,child_102_sentence_27.wav,./audio/children/child_033/imitation/child_102_sentence_27.wav,reading_vs_imitation
102,28,child_102_reading_28.wav,./audio/children/child_033/reading/child_102_reading_28.wav,child_102_sentence_28.wav,./audio/children/child_033/imitation/child_102_sentence_28.wav,reading_vs_imitation
102,29,child_102_reading_29.wav,./audio/children/child_033/reading/child_102_reading_29.wav,child_102_sentence_29.wav,./audio/children/child_033/imitation/child_102_sentence_29.wav,reading_vs_imitation
103,1,child_103_reading_01.wav,./audio/children/child_034/reading/child_103_reading_01.wav,child_103_sentence_01.wav,./audio/children/child_034/imitation/child_103_sentence_01.wav,reading_vs_imitation
103,2,child_103_reading_02.wav,./audio/children/child_034/reading/child_103_reading_02.wav,child_103_sentence_02.wav,./audio/children/child_034/imitation/child_103_sentence_02.wav,reading_vs_imitation
103,3,child_103_reading_03.wav,./audio/children/child_034/reading/child_103_reading_03.wav,child_103_sentence_03.wav,./audio/children/child_034/imitation/child_103_sentence_03.wav,reading_vs_imitation
103,4,child_103_reading_04.wav,./audio/children/child_034/reading/child_103_reading_04.wav,child_103_sentence_04.wav,./audio/children/child_034/imitation/child_103_sentence_04.wav,reading_vs_imitation
103,5,child_103_reading_05.wav,./audio/children/child_034/reading/child_103_reading_05.wav,child_103_sentence_05.wav,./audio/children/child_034/imitation/child_103_sentence_05.wav,reading_vs_imitation
103,6,child_103_reading_06.wav,./audio/children/child_034/reading/child_103_reading_06.wav,child_103_sentence_06.wav,./audio/children/child_034/imitation/child_103_sentence_06.wav,reading_vs_imitation
103,7,child_103_reading_07.wav,./audio/children/child_034/reading/child_103_reading_07.wav,child_103_sentence_07.wav,./audio/children/child_034/imitation/child_103_sentence_07.wav,reading_vs_imitation
103,8,child_103_reading_08.wav,./audio/children/child_034/reading/child_103_reading_08.wav,child_103_sentence_08.wav,./audio/children/child_034/imitation/child_103_sentence_08.wav,reading_vs_imitation
103,9,child_103_reading_09.wav,./audio/children/child_034/reading/child_103_reading_09.wav,child_103_sentence_09.wav,./audio/children/child_034/imitation/child_103_sentence_09.wav,reading_vs_imitation
103,10,child_103_reading_10.wav,./audio/children/child_034/reading/child_103_reading_10.wav,child_103_sentence_10.wav,./audio/children/child_034/imitation/child_103_sentence_10.wav,reading_vs_imitation
103,11,child_103_reading_11.wav,./audio/children/child_034/reading/child_103_reading_11.wav,child_103_sentence_11.wav,./audio/children/child_034/imitation/child_103_sentence_11.wav,reading_vs_imitation
103,12,child_103_reading_12.wav,./audio/children/child_034/reading/child_103_reading_12.wav,child_103_sentence_12.wav,./audio/children/child_034/imitation/child_103_sentence_12.wav,reading_vs_imitation
103,13,child_103_reading_13.wav,./audio/children/child_034/reading/child_103_reading_13.wav,child_103_sentence_13.wav,./audio/children/child_034/imitation/child_103_sentence_13.wav,reading_vs_imitation
103,14,child_103_reading_14.wav,./audio/children/child_034/reading/child_103_reading_14.wav,child_103_sentence_14.wav,./audio/children/child_034/imitation/child_103_sentence_14.wav,reading_vs_imitation
103,15,child_103_reading_15.wav,./audio/children/child_034/reading/child_103_reading_15.wav,child_103_sentence_15.wav,./audio/children/child_034/imitation/child_103_sentence_15.wav,reading_vs_imitation
103,16,child_103_reading_16.wav,./audio/children/child_034/reading/child_103_reading_16.wav,child_103_sentence_16.wav,./audio/children/child_034/imitation/child_103_sentence_16.wav,reading_vs_imitation
103,17,child_103_reading_17.wav,./audio/children/child_034/reading/child_103_reading_17.wav,child_103_sentence_17.wav,./audio/children/child_034/imitation/child_103_sentence_17.wav,reading_vs_imitation
103,18,child_103_reading_18.wav,./audio/children/child_034/reading/child_103_reading_18.wav,child_103_sentence_18.wav,./audio/children/child_034/imitation/child_103_sentence_18.wav,reading_vs_imitation
103,19,child_103_reading_19.wav,./audio/children/child_034/reading/child_103_reading_19.wav,child_103_sentence_19.wav,./audio/children/child_034/imitation/child_103_sentence_19.wav,reading_vs_imitation
103,20,child_103_reading_20.wav,./audio/children/child_034/reading/child_103_reading_20.wav,child_103_sentence_20.wav,./audio/children/child_034/imitation/child_103_sentence_20.wav,reading_vs_imitation
103,21,child_103_reading_21.wav,./audio/children/child_034/reading/child_103_reading_21.wav,child_103_sentence_21.wav,./audio/children/child_034/imitation/child_103_sentence_21.wav,reading_vs_imitation
103,22,child_103_reading_22.wav,./audio/children/child_034/reading/child_103_reading_22.wav,child_103_sentence_22.wav,./audio/children/child_034/imitation/child_103_sentence_22.wav,reading_vs_imitation
103,23,child_103_reading_23.wav,./audio/children/child_034/reading/child_103_reading_23.wav,child_103_sentence_23.wav,./audio/children/child_034/imitation/child_103_sentence_23.wav,reading_vs_imitation
103,24,child_103_reading_24.wav,./audio/children/child_034/reading/child_103_reading_24.wav,child_103_sentence_24.wav,./audio/children/child_034/imitation/child_103_sentence_24.wav,reading_vs_imitation
103,25,child_103_reading_25.wav,./audio/children/child_034/reading/child_103_reading_25.wav,child_103_sentence_25.wav,./audio/children/child_034/imitation/child_103_sentence_25.wav,reading_vs_imitation
103,26,child_103_reading_26.wav,./audio/children/child_034/reading/child_103_reading_26.wav,child_103_sentence_26.wav,./audio/children/child_034/imitation/child_103_sentence_26.wav,reading_vs_imitation
103,27,child_103_reading_27.wav,./audio/children/child_034/reading/child_103_reading_27.wav,child_103_sentence_27.wav,./audio/children/child_034/imitation/child_103_sentence_27.wav,reading_vs_imitation
103,28,child_103_reading_28.wav,./audio/children/child_034/reading/child_103_reading_28.wav,child_103_sentence_28.wav,./audio/children/child_034/imitation/child_103_sentence_28.wav,reading_vs_imitation
103,29,child_103_reading_29.wav,./audio/children/child_034/reading/child_103_reading_29.wav,child_103_sentence_29.wav,./audio/children/child_034/imitation/child_103_sentence_29.wav,reading_vs_imitation
104,1,child_104_reading_01.wav,./audio/children/child_035/reading/child_104_reading_01.wav,child_104_sentence_01.wav,./audio/children/child_035/imitation/child_104_sentence_01.wav,reading_vs_imitation
104,2,child_104_reading_02.wav,./audio/children/child_035/reading/child_104_reading_02.wav,child_104_sentence_02.wav,./audio/children/child_035/imitation/child_104_sentence_02.wav,reading_vs_imitation
104,3,child_104_reading_03.wav,./audio/children/child_035/reading/child_104_reading_03.wav,child_104_sentence_03.wav,./audio/children/child_035/imitation/child_104_sentence_03.wav,reading_vs_imitation
104,4,child_104_reading_04.wav,./audio/children/child_035/reading/child_104_reading_04.wav,child_104_sentence_04.wav,./audio/children/child_035/imitation/child_104_sentence_04.wav,reading_vs_imitation
104,5,child_104_reading_05.wav,./audio/children/child_035/reading/child_104_reading_05.wav,child_104_sentence_05.wav,./audio/children/child_035/imitation/child_104_sentence_05.wav,reading_vs_imitation
104,6,child_104_reading_06.wav,./audio/children/child_035/reading/child_104_reading_06.wav,child_104_sentence_06.wav,./audio/children/child_035/imitation/child_104_sentence_06.wav,reading_vs_imitation
104,7,child_104_reading_07.wav,./audio/children/child_035/reading/child_104_reading_07.wav,child_104_sentence_07.wav,./audio/children/child_035/imitation/child_104_sentence_07.wav,reading_vs_imitation
104,8,child_104_reading_08.wav,./audio/children/child_035/reading/child_104_reading_08.wav,child_104_sentence_08.wav,./audio/children/child_035/imitation/child_104_sentence_08.wav,reading_vs_imitation
104,9,child_104_reading_09.wav,./audio/children/child_035/reading/child_104_reading_09.wav,child_104_sentence_09.wav,./audio/children/child_035/imitation/child_104_sentence_09.wav,reading_vs_imitation
104,10,child_104_reading_10.wav,./audio/children/child_035/reading/child_104_reading_10.wav,child_104_sentence_10.wav,./audio/children/child_035/imitation/child_104_sentence_10.wav,reading_vs_imitation
104,11,child_104_reading_11.wav,./audio/children/child_035/reading/child_104_reading_11.wav,child_104_sentence_11.wav,./audio/children/child_035/imitation/child_104_sentence_11.wav,reading_vs_imitation
104,12,child_104_reading_12.wav,./audio/children/child_035/reading/child_104_reading_12.wav,child_104_sentence_12.wav,./audio/children/child_035/imitation/child_104_sentence_12.wav,reading_vs_imitation
104,13,child_104_reading_13.wav,./audio/children/child_035/reading/child_104_reading_13.wav,child_104_sentence_13.wav,./audio/children/child_035/imitation/child_104_sentence_13.wav,reading_vs_imitation
104,14,child_104_reading_14.wav,./audio/children/child_035/reading/child_104_reading_14.wav,child_104_sentence_14.wav,./audio/children/child_035/imitation/child_104_sentence_14.wav,reading_vs_imitation
104,15,child_104_reading_15.wav,./audio/children/child_035/reading/child_104_reading_15.wav,child_104_sentence_15.wav,./audio/children/child_035/imitation/child_104_sentence_15.wav,reading_vs_imitation
104,16,child_104_reading_16.wav,./audio/children/child_035/reading/child_104_reading_16.wav,child_104_sentence_16.wav,./audio/children/child_035/imitation/child_104_sentence_16.wav,reading_vs_imitation
104,17,child_104_reading_17.wav,./audio/children/child_035/reading/child_104_reading_17.wav,child_104_sentence_17.wav,./audio/children/child_035/imitation/child_104_sentence_17.wav,reading_vs_imitation
104,18,child_104_reading_18.wav,./audio/children/child_035/reading/child_104_reading_18.wav,child_104_sentence_18.wav,./audio/children/child_035/imitation/child_104_sentence_18.wav,reading_vs_imitation
104,19,child_104_reading_19.wav,./audio/children/child_035/reading/child_104_reading_19.wav,child_104_sentence_19.wav,./audio/children/child_035/imitation/child_104_sentence_19.wav,reading_vs_imitation
104,20,child_104_reading_20.wav,./audio/children/child_035/reading/child_104_reading_20.wav,child_104_sentence_20.wav,./audio/children/child_035/imitation/child_104_sentence_20.wav,reading_vs_imitation
104,21,child_104_reading_21.wav,./audio/children/child_035/reading/child_104_reading_21.wav,child_104_sentence_21.wav,./audio/children/child_035/imitation/child_104_sentence_21.wav,reading_vs_imitation
104,22,child_104_reading_22.wav,./audio/children/child_035/reading/child_104_reading_22.wav,child_104_sentence_22.wav,./audio/children/child_035/imitation/child_104_sentence_22.wav,reading_vs_imitation
104,23,child_104_reading_23.wav,./audio/children/child_035/reading/child_104_reading_23.wav,child_104_sentence_23.wav,./audio/children/child_035/imitation/child_104_sentence_23.wav,reading_vs_imitation
104,24,child_104_reading_24.wav,./audio/children/child_035/reading/child_104_reading_24.wav,child_104_sentence_24.wav,./audio/children/child_035/imitation/child_104_sentence_24.wav,reading_vs_imitation
104,25,child_104_reading_25.wav,./audio/children/child_035/reading/child_104_reading_25.wav,child_104_sentence_25.wav,./audio/children/child_035/imitation/child_104_sentence_25.wav,reading_vs_imitation
104,26,child_104_reading_26.wav,./audio/children/child_035/reading/child_104_reading_26.wav,child_104_sentence_26.wav,./audio/children/child_035/imitation/child_104_sentence_26.wav,reading_vs_imitation
104,27,child_104_reading_27.wav,./audio/children/child_035/reading/child_104_reading_27.wav,child_104_sentence_27.wav,./audio/children/child_035/imitation/child_104_sentence_27.wav,reading_vs_imitation
104,28,child_104_reading_28.wav,./audio/children/child_035/reading/child_104_reading_28.wav,child_104_sentence_28.wav,./audio/children/child_035/imitation/child_104_sentence_28.wav,reading_vs_imitation
104,29,child_104_reading_29.wav,./audio/children/child_035/reading/child_104_reading_29.wav,child_104_sentence_29.wav,./audio/children/child_035/imitation/child_104_sentence_29.wav,reading_vs_imitation
105,1,child_105_reading_01.wav,./audio/children/child_036/reading/child_105_reading_01.wav,child_105_sentence_01.wav,./audio/children/child_036/imitation/child_105_sentence_01.wav,reading_vs_imitation
105,2,child_105_reading_02.wav,./audio/children/child_036/reading/child_105_reading_02.wav,child_105_sentence_02.wav,./audio/children/child_036/imitation/child_105_sentence_02.wav,reading_vs_imitation
105,3,child_105_reading_03.wav,./audio/children/child_036/reading/child_105_reading_03.wav,child_105_sentence_03.wav,./audio/children/child_036/imitation/child_105_sentence_03.wav,reading_vs_imitation
105,4,child_105_reading_04.wav,./audio/children/child_036/reading/child_105_reading_04.wav,child_105_sentence_04.wav,./audio/children/child_036/imitation/child_105_sentence_04.wav,reading_vs_imitation
105,5,child_105_reading_05.wav,./audio/children/child_036/reading/child_105_reading_05.wav,child_105_sentence_05.wav,./audio/children/child_036/imitation/child_105_sentence_05.wav,reading_vs_imitation
105,6,child_105_reading_06.wav,./audio/children/child_036/reading/child_105_reading_06.wav,child_105_sentence_06.wav,./audio/children/child_036/imitation/child_105_sentence_06.wav,reading_vs_imitation
105,7,child_105_reading_07.wav,./audio/children/child_036/reading/child_105_reading_07.wav,child_105_sentence_07.wav,./audio/children/child_036/imitation/child_105_sentence_07.wav,reading_vs_imitation
105,8,child_105_reading_08.wav,./audio/children/child_036/reading/child_105_reading_08.wav,child_105_sentence_08.wav,./audio/children/child_036/imitation/child_105_sentence_08.wav,reading_vs_imitation
105,9,child_105_reading_09.wav,./audio/children/child_036/reading/child_105_reading_09.wav,child_105_sentence_09.wav,./audio/children/child_036/imitation/child_105_sentence_09.wav,reading_vs_imitation
105,10,child_105_reading_10.wav,./audio/children/child_036/reading/child_105_reading_10.wav,child_105_sentence_10.wav,./audio/children/child_036/imitation/child_105_sentence_10.wav,reading_vs_imitation
105,11,child_105_reading_11.wav,./audio/children/child_036/reading/child_105_reading_11.wav,child_105_sentence_11.wav,./audio/children/child_036/imitation/child_105_sentence_11.wav,reading_vs_imitation
105,12,child_105_reading_12.wav,./audio/children/child_036/reading/child_105_reading_12.wav,child_105_sentence_12.wav,./audio/children/child_036/imitation/child_105_sentence_12.wav,reading_vs_imitation
105,13,child_105_reading_13.wav,./audio/children/child_036/reading/child_105_reading_13.wav,child_105_sentence_13.wav,./audio/children/child_036/imitation/child_105_sentence_13.wav,reading_vs_imitation
105,14,child_105_reading_14.wav,./audio/children/child_036/reading/child_105_reading_14.wav,child_105_sentence_14.wav,./audio/children/child_036/imitation/child_105_sentence_14.wav,reading_vs_imitation
105,15,child_105_reading_15.wav,./audio/children/child_036/reading/child_105_reading_15.wav,child_105_sentence_15.wav,./audio/children/child_036/imitation/child_105_sentence_15.wav,reading_vs_imitation
105,16,child_105_reading_16.wav,./audio/children/child_036/reading/child_105_reading_16.wav,child_105_sentence_16.wav,./audio/children/child_036/imitation/child_105_sentence_16.wav,reading_vs_imitation
105,17,child_105_reading_17.wav,./audio/children/child_036/reading/child_105_reading_17.wav,child_105_sentence_17.wav,./audio/children/child_036/imitation/child_105_sentence_17.wav,reading_vs_imitation
105,18,child_105_reading_18.wav,./audio/children/child_036/reading/child_105_reading_18.wav,child_105_sentence_18.wav,./audio/children/child_036/imitation/child_105_sentence_18.wav,reading_vs_imitation
105,19,child_105_reading_19.wav,./audio/children/child_036/reading/child_105_reading_19.wav,child_105_sentence_19.wav,./audio/children/child_036/imitation/child_105_sentence_19.wav,reading_vs_imitation
105,20,child_105_reading_20.wav,./audio/children/child_036/reading/child_105_reading_20.wav,child_105_sentence_20.wav,./audio/children/child_036/imitation/child_105_sentence_20.wav,reading_vs_imitation
105,21,child_105_reading_21.wav,./audio/children/child_036/reading/child_105_reading_21.wav,child_105_sentence_21.wav,./audio/children/child_036/imitation/child_105_sentence_21.wav,reading_vs_imitation
105,22,child_105_reading_22.wav,./audio/children/child_036/reading/child_105_reading_22.wav,child_105_sentence_22.wav,./audio/children/child_036/imitation/child_105_sentence_22.wav,reading_vs_imitation
105,23,child_105_reading_23.wav,./audio/children/child_036/reading/child_105_reading_23.wav,child_105_sentence_23.wav,./audio/children/child_036/imitation/child_105_sentence_23.wav,reading_vs_imitation
105,24,child_105_reading_24.wav,./audio/children/child_036/reading/child_105_reading_24.wav,child_105_sentence_24.wav,./audio/children/child_036/imitation/child_105_sentence_24.wav,reading_vs_imitation
105,25,child_105_reading_25.wav,./audio/children/child_036/reading/child_105_reading_25.wav,child_105_sentence_25.wav,./audio/children/child_036/imitation/child_105_sentence_25.wav,reading_vs_imitation
105,26,child_105_reading_26.wav,./audio/children/child_036/reading/child_105_reading_26.wav,child_105_sentence_26.wav,./audio/children/child_036/imitation/child_105_sentence_26.wav,reading_vs_imitation
105,27,child_105_reading_27.wav,./audio/children/child_036/reading/child_105_reading_27.wav,child_105_sentence_27.wav,./audio/children/child_036/imitation/child_105_sentence_27.wav,reading_vs_imitation
105,28,child_105_reading_28.wav,./audio/children/child_036/reading/child_105_reading_28.wav,child_105_sentence_28.wav,./audio/children/child_036/imitation/child_105_sentence_28.wav,reading_vs_imitation
105,29,child_105_reading_29.wav,./audio/children/child_036/reading/child_105_reading_29.wav,child_105_sentence_29.wav,./audio/children/child_036/imitation/child_105_sentence_29.wav,reading_vs_imitation
106,1,child_106_reading_01.wav,./audio/children/child_037/reading/child_106_reading_01.wav,child_106_sentence_01.wav,./audio/children/child_037/imitation/child_106_sentence_01.wav,reading_vs_imitation
106,2,child_106_reading_02.wav,./audio/children/child_037/reading/child_106_reading_02.wav,child_106_sentence_02.wav,./audio/children/child_037/imitation/child_106_sentence_02.wav,reading_vs_imitation
106,3,child_106_reading_03.wav,./audio/children/child_037/reading/child_106_reading_03.wav,child_106_sentence_03.wav,./audio/children/child_037/imitation/child_106_sentence_03.wav,reading_vs_imitation
106,4,child_106_reading_04.wav,./audio/children/child_037/reading/child_106_reading_04.wav,child_106_sentence_04.wav,./audio/children/child_037/imitation/child_106_sentence_04.wav,reading_vs_imitation
106,5,child_106_reading_05.wav,./audio/children/child_037/reading/child_106_reading_05.wav,child_106_sentence_05.wav,./audio/children/child_037/imitation/child_106_sentence_05.wav,reading_vs_imitation
106,6,child_106_reading_06.wav,./audio/children/child_037/reading/child_106_reading_06.wav,child_106_sentence_06.wav,./audio/children/child_037/imitation/child_106_sentence_06.wav,reading_vs_imitation
106,7,child_106_reading_07.wav,./audio/children/child_037/reading/child_106_reading_07.wav,child_106_sentence_07.wav,./audio/children/child_037/imitation/child_106_sentence_07.wav,reading_vs_imitation
106,8,child_106_reading_08.wav,./audio/children/child_037/reading/child_106_reading_08.wav,child_106_sentence_08.wav,./audio/children/child_037/imitation/child_106_sentence_08.wav,reading_vs_imitation
106,9,child_106_reading_09.wav,./audio/children/child_037/reading/child_106_reading_09.wav,child_106_sentence_09.wav,./audio/children/child_037/imitation/child_106_sentence_09.wav,reading_vs_imitation
106,10,child_106_reading_10.wav,./audio/children/child_037/reading/child_106_reading_10.wav,child_106_sentence_10.wav,./audio/children/child_037/imitation/child_106_sentence_10.wav,reading_vs_imitation
106,11,child_106_reading_11.wav,./audio/children/child_037/reading/child_106_reading_11.wav,child_106_sentence_11.wav,./audio/children/child_037/imitation/child_106_sentence_11.wav,reading_vs_imitation
106,12,child_106_reading_12.wav,./audio/children/child_037/reading/child_106_reading_12.wav,child_106_sentence_12.wav,./audio/children/child_037/imitation/child_106_sentence_12.wav,reading_vs_imitation
106,13,child_106_reading_13.wav,./audio/children/child_037/reading/child_106_reading_13.wav,child_106_sentence_13.wav,./audio/children/child_037/imitation/child_106_sentence_13.wav,reading_vs_imitation
106,14,child_106_reading_14.wav,./audio/children/child_037/reading/child_106_reading_14.wav,child_106_sentence_14.wav,./audio/children/child_037/imitation/child_106_sentence_14.wav,reading_vs_imitation
106,15,child_106_reading_15.wav,./audio/children/child_037/reading/child_106_reading_15.wav,child_106_sentence_15.wav,./audio/children/child_037/imitation/child_106_sentence_15.wav,reading_vs_imitation
106,16,child_106_reading_16.wav,./audio/children/child_037/reading/child_106_reading_16.wav,child_106_sentence_16.wav,./audio/children/child_037/imitation/child_106_sentence_16.wav,reading_vs_imitation
106,17,child_106_reading_17.wav,./audio/children/child_037/reading/child_106_reading_17.wav,child_106_sentence_17.wav,./audio/children/child_037/imitation/child_106_sentence_17.wav,reading_vs_imitation
106,18,child_106_reading_18.wav,./audio/children/child_037/reading/child_106_reading_18.wav,child_106_sentence_18.wav,./audio/children/child_037/imitation/child_106_sentence_18.wav,reading_vs_imitation
106,19,child_106_reading_19.wav,./audio/children/child_037/reading/child_106_reading_19.wav,child_106_sentence_19.wav,./audio/children/child_037/imitation/child_106_sentence_19.wav,reading_vs_imitation
106,20,child_106_reading_20.wav,./audio/children/child_037/reading/child_106_reading_20.wav,child_106_sentence_20.wav,./audio/children/child_037/imitation/child_106_sentence_20.wav,reading_vs_imitation
106,21,child_106_reading_21.wav,./audio/children/child_037/reading/child_106_reading_21.wav,child_106_sentence_21.wav,./audio/children/child_037/imitation/child_106_sentence_21.wav,reading_vs_imitation
106,22,child_106_reading_22.wav,./audio/children/child_037/reading/child_106_reading_22.wav,child_106_sentence_22.wav,./audio/children/child_037/imitation/child_106_sentence_22.wav,reading_vs_imitation
106,23,child_106_reading_23.wav,./audio/children/child_037/reading/child_106_reading_23.wav,child_106_sentence_23.wav,./audio/children/child_037/imitation/child_106_sentence_23.wav,reading_vs_imitation
106,24,child_106_reading_24.wav,./audio/children/child_037/reading/child_106_reading_24.wav,child_106_sentence_24.wav,./audio/children/child_037/imitation/child_106_sentence_24.wav,reading_vs_imitation
106,25,child_106_reading_25.wav,./audio/children/child_037/reading/child_106_reading_25.wav,child_106_sentence_25.wav,./audio/children/child_037/imitation/child_106_sentence_25.wav,reading_vs_imitation
106,26,child_106_reading_26.wav,./audio/children/child_037/reading/child_106_reading_26.wav,child_106_sentence_26.wav,./audio/children/child_037/imitation/child_106_sentence_26.wav,reading_vs_imitation
106,27,child_106_reading_27.wav,./audio/children/child_037/reading/child_106_reading_27.wav,child_106_sentence_27.wav,./audio/children/child_037/imitation/child_106_sentence_27.wav,reading_vs_imitation
106,28,child_106_reading_28.wav,./audio/children/child_037/reading/child_106_reading_28.wav,child_106_sentence_28.wav,./audio/children/child_037/imitation/child_106_sentence_28.wav,reading_vs_imitation
106,29,child_106_reading_29.wav,./audio/children/child_037/reading/child_106_reading_29.wav,child_106_sentence_29.wav,./audio/children/child_037/imitation/child_106_sentence_29.wav,reading_vs_imitation
107,1,child_107_reading_01.wav,./audio/children/child_038/reading/child_107_reading_01.wav,child_107_sentence_01.wav,./audio/children/child_038/imitation/child_107_sentence_01.wav,reading_vs_imitation
107,2,child_107_reading_02.wav,./audio/children/child_038/reading/child_107_reading_02.wav,child_107_sentence_02.wav,./audio/children/child_038/imitation/child_107_sentence_02.wav,reading_vs_imitation
107,3,child_107_reading_03.wav,./audio/children/child_038/reading/child_107_reading_03.wav,child_107_sentence_03.wav,./audio/children/child_038/imitation/child_107_sentence_03.wav,reading_vs_imitation
107,4,child_107_reading_04.wav,./audio/children/child_038/reading/child_107_reading_04.wav,child_107_sentence_04.wav,./audio/children/child_038/imitation/child_107_sentence_04.wav,reading_vs_imitation
107,5,child_107_reading_05.wav,./audio/children/child_038/reading/child_107_reading_05.wav,child_107_sentence_05.wav,./audio/children/child_038/imitation/child_107_sentence_05.wav,reading_vs_imitation
107,6,child_107_reading_06.wav,./audio/children/child_038/reading/child_107_reading_06.wav,child_107_sentence_06.wav,./audio/children/child_038/imitation/child_107_sentence_06.wav,reading_vs_imitation
107,7,child_107_reading_07.wav,./audio/children/child_038/reading/child_107_reading_07.wav,child_107_sentence_07.wav,./audio/children/child_038/imitation/child_107_sentence_07.wav,reading_vs_imitation
107,8,child_107_reading_08.wav,./audio/children/child_038/reading/child_107_reading_08.wav,child_107_sentence_08.wav,./audio/children/child_038/imitation/child_107_sentence_08.wav,reading_vs_imitation
107,9,child_107_reading_09.wav,./audio/children/child_038/reading/child_107_reading_09.wav,child_107_sentence_09.wav,./audio/children/child_038/imitation/child_107_sentence_09.wav,reading_vs_imitation
107,10,child_107_reading_10.wav,./audio/children/child_038/reading/child_107_reading_10.wav,child_107_sentence_10.wav,./audio/children/child_038/imitation/child_107_sentence_10.wav,reading_vs_imitation
107,11,child_107_reading_11.wav,./audio/children/child_038/reading/child_107_reading_11.wav,child_107_sentence_11.wav,./audio/children/child_038/imitation/child_107_sentence_11.wav,reading_vs_imitation
107,12,child_107_reading_12.wav,./audio/children/child_038/reading/child_107_reading_12.wav,child_107_sentence_12.wav,./audio/children/child_038/imitation/child_107_sentence_12.wav,reading_vs_imitation
107,13,child_107_reading_13.wav,./audio/children/child_038/reading/child_107_reading_13.wav,child_107_sentence_13.wav,./audio/children/child_038/imitation/child_107_sentence_13.wav,reading_vs_imitation
107,14,child_107_reading_14.wav,./audio/children/child_038/reading/child_107_reading_14.wav,child_107_sentence_14.wav,./audio/children/child_038/imitation/child_107_sentence_14.wav,reading_vs_imitation
107,15,child_107_reading_15.wav,./audio/children/child_038/reading/child_107_reading_15.wav,child_107_sentence_15.wav,./audio/children/child_038/imitation/child_107_sentence_15.wav,reading_vs_imitation
107,16,child_107_reading_16.wav,./audio/children/child_038/reading/child_107_reading_16.wav,child_107_sentence_16.wav,./audio/children/child_038/imitation/child_107_sentence_16.wav,reading_vs_imitation
107,17,child_107_reading_17.wav,./audio/children/child_038/reading/child_107_reading_17.wav,child_107_sentence_17.wav,./audio/children/child_038/imitation/child_107_sentence_17.wav,reading_vs_imitation
107,18,child_107_reading_18.wav,./audio/children/child_038/reading/child_107_reading_18.wav,child_107_sentence_18.wav,./audio/children/child_038/imitation/child_107_sentence_18.wav,reading_vs_imitation
107,19,child_107_reading_19.wav,./audio/children/child_038/reading/child_107_reading_19.wav,child_107_sentence_19.wav,./audio/children/child_038/imitation/child_107_sentence_19.wav,reading_vs_imitation
107,20,child_107_reading_20.wav,./audio/children/child_038/reading/child_107_reading_20.wav,child_107_sentence_20.wav,./audio/children/child_038/imitation/child_107_sentence_20.wav,reading_vs_imitation
107,21,child_107_reading_21.wav,./audio/children/child_038/reading/child_107_reading_21.wav,child_107_sentence_21.wav,./audio/children/child_038/imitation/child_107_sentence_21.wav,reading_vs_imitation
107,22,child_107_reading_22.wav,./audio/children/child_038/reading/child_107_reading_22.wav,child_107_sentence_22.wav,./audio/children/child_038/imitation/child_107_sentence_22.wav,reading_vs_imitation
107,23,child_107_reading_23.wav,./audio/children/child_038/reading/child_107_reading_23.wav,child_107_sentence_23.wav,./audio/children/child_038/imitation/child_107_sentence_23.wav,reading_vs_imitation
107,24,child_107_reading_24.wav,./audio/children/child_038/reading/child_107_reading_24.wav,child_107_sentence_24.wav,./audio/children/child_038/imitation/child_107_sentence_24.wav,reading_vs_imitation
107,25,child_107_reading_25.wav,./audio/children/child_038/reading/child_107_reading_25.wav,child_107_sentence_25.wav,./audio/children/child_038/imitation/child_107_sentence_25.wav,reading_vs_imitation
107,26,child_107_reading_26.wav,./audio/children/child_038/reading/child_107_reading_26.wav,child_107_sentence_26.wav,./audio/children/child_038/imitation/child_107_sentence_26.wav,reading_vs_imitation
107,27,child_107_reading_27.wav,./audio/children/child_038/reading/child_107_reading_27.wav,child_107_sentence_27.wav,./audio/children/child_038/imitation/child_107_sentence_27.wav,reading_vs_imitation
107,28,child_107_reading_28.wav,./audio/children/child_038/reading/child_107_reading_28.wav,child_107_sentence_28.wav,./audio/children/child_038/imitation/child_107_sentence_28.wav,reading_vs_imitation
107,29,child_107_reading_29.wav,./audio/children/child_038/reading/child_107_reading_29.wav,child_107_sentence_29.wav,./audio/children/child_038/imitation/child_107_sentence_29.wav,reading_vs_imitation
108,1,child_108_reading_01.wav,./audio/children/child_039/reading/child_108_reading_01.wav,child_108_sentence_01.wav,./audio/children/child_039/imitation/child_108_sentence_01.wav,reading_vs_imitation
108,2,child_108_reading_02.wav,./audio/children/child_039/reading/child_108_reading_02.wav,child_108_sentence_02.wav,./audio/children/child_039/imitation/child_108_sentence_02.wav,reading_vs_imitation
108,3,child_108_reading_03.wav,./audio/children/child_039/reading/child_108_reading_03.wav,child_108_sentence_03.wav,./audio/children/child_039/imitation/child_108_sentence_03.wav,reading_vs_imitation
108,4,child_108_reading_04.wav,./audio/children/child_039/reading/child_108_reading_04.wav,child_108_sentence_04.wav,./audio/children/child_039/imitation/child_108_sentence_04.wav,reading_vs_imitation
108,5,child_108_reading_05.wav,./audio/children/child_039/reading/child_108_reading_05.wav,child_108_sentence_05.wav,./audio/children/child_039/imitation/child_108_sentence_05.wav,reading_vs_imitation
108,6,child_108_reading_06.wav,./audio/children/child_039/reading/child_108_reading_06.wav,child_108_sentence_06.wav,./audio/children/child_039/imitation/child_108_sentence_06.wav,reading_vs_imitation
108,7,child_108_reading_07.wav,./audio/children/child_039/reading/child_108_reading_07.wav,child_108_sentence_07.wav,./audio/children/child_039/imitation/child_108_sentence_07.wav,reading_vs_imitation
108,8,child_108_reading_08.wav,./audio/children/child_039/reading/child_108_reading_08.wav,child_108_sentence_08.wav,./audio/children/child_039/imitation/child_108_sentence_08.wav,reading_vs_imitation
108,9,child_108_reading_09.wav,./audio/children/child_039/reading/child_108_reading_09.wav,child_108_sentence_09.wav,./audio/children/child_039/imitation/child_108_sentence_09.wav,reading_vs_imitation
108,10,child_108_reading_10.wav,./audio/children/child_039/reading/child_108_reading_10.wav,child_108_sentence_10.wav,./audio/children/child_039/imitation/child_108_sentence_10.wav,reading_vs_imitation
108,11,child_108_reading_11.wav,./audio/children/child_039/reading/child_108_reading_11.wav,child_108_sentence_11.wav,./audio/children/child_039/imitation/child_108_sentence_11.wav,reading_vs_imitation
108,12,child_108_reading_12.wav,./audio/children/child_039/reading/child_108_reading_12.wav,child_108_sentence_12.wav,./audio/children/child_039/imitation/child_108_sentence_12.wav,reading_vs_imitation
108,13,child_108_reading_13.wav,./audio/children/child_039/reading/child_108_reading_13.wav,child_108_sentence_13.wav,./audio/children/child_039/imitation/child_108_sentence_13.wav,reading_vs_imitation
108,14,child_108_reading_14.wav,./audio/children/child_039/reading/child_108_reading_14.wav,child_108_sentence_14.wav,./audio/children/child_039/imitation/child_108_sentence_14.wav,reading_vs_imitation
108,15,child_108_reading_15.wav,./audio/children/child_039/reading/child_108_reading_15.wav,child_108_sentence_15.wav,./audio/children/child_039/imitation/child_108_sentence_15.wav,reading_vs_imitation
108,16,child_108_reading_16.wav,./audio/children/child_039/reading/child_108_reading_16.wav,child_108_sentence_16.wav,./audio/children/child_039/imitation/child_108_sentence_16.wav,reading_vs_imitation
108,17,child_108_reading_17.wav,./audio/children/child_039/reading/child_108_reading_17.wav,child_108_sentence_17.wav,./audio/children/child_039/imitation/child_108_sentence_17.wav,reading_vs_imitation
108,18,child_108_reading_18.wav,./audio/children/child_039/reading/child_108_reading_18.wav,child_108_sentence_18.wav,./audio/children/child_039/imitation/child_108_sentence_18.wav,reading_vs_imitation
108,19,child_108_reading_19.wav,./audio/children/child_039/reading/child_108_reading_19.wav,child_108_sentence_19.wav,./audio/children/child_039/imitation/child_108_sentence_19.wav,reading_vs_imitation
108,20,child_108_reading_20.wav,./audio/children/child_039/reading/child_108_reading_20.wav,child_108_sentence_20.wav,./audio/children/child_039/imitation/child_108_sentence_20.wav,reading_vs_imitation
108,21,child_108_reading_21.wav,./audio/children/child_039/reading/child_108_reading_21.wav,child_108_sentence_21.wav,./audio/children/child_039/imitation/child_108_sentence_21.wav,reading_vs_imitation
108,22,child_108_reading_22.wav,./audio/children/child_039/reading/child_108_reading_22.wav,child_108_sentence_22.wav,./audio/children/child_039/imitation/child_108_sentence_22.wav,reading_vs_imitation
108,23,child_108_reading_23.wav,./audio/children/child_039/reading/child_108_reading_23.wav,child_108_sentence_23.wav,./audio/children/child_039/imitation/child_108_sentence_23.wav,reading_vs_imitation
108,24,child_108_reading_24.wav,./audio/children/child_039/reading/child_108_reading_24.wav,child_108_sentence_24.wav,./audio/children/child_039/imitation/child_108_sentence_24.wav,reading_vs_imitation
108,25,child_108_reading_25.wav,./audio/children/child_039/reading/child_108_reading_25.wav,child_108_sentence_25.wav,./audio/children/child_039/imitation/child_108_sentence_25.wav,reading_vs_imitation
108,26,child_108_reading_26.wav,./audio/children/child_039/reading/child_108_reading_26.wav,child_108_sentence_26.wav,./audio/children/child_039/imitation/child_108_sentence_26.wav,reading_vs_imitation
108,27,child_108_reading_27.wav,./audio/children/child_039/reading/child_108_reading_27.wav,child_108_sentence_27.wav,./audio/children/child_039/imitation/child_108_sentence_27.wav,reading_vs_imitation
108,28,child_108_reading_28.wav,./audio/children/child_039/reading/child_108_reading_28.wav,child_108_sentence_28.wav,./audio/children/child_039/imitation/child_108_sentence_28.wav,reading_vs_imitation
108,29,child_108_reading_29.wav,./audio/children/child_039/reading/child_108_reading_29.wav,child_108_sentence_29.wav,./audio/children/child_039/imitation/child_108_sentence_29.wav,reading_vs_imitation
109,1,child_109_reading_01.wav,./audio/children/child_040/reading/child_109_reading_01.wav,child_109_sentence_01.wav,./audio/children/child_040/imitation/child_109_sentence_01.wav,reading_vs_imitation
109,2,child_109_reading_02.wav,./audio/children/child_040/reading/child_109_reading_02.wav,child_109_sentence_02.wav,./audio/children/child_040/imitation/child_109_sentence_02.wav,reading_vs_imitation
109,3,child_109_reading_03.wav,./audio/children/child_040/reading/child_109_reading_03.wav,child_109_sentence_03.wav,./audio/children/child_040/imitation/child_109_sentence_03.wav,reading_vs_imitation
109,4,child_109_reading_04.wav,./audio/children/child_040/reading/child_109_reading_04.wav,child_109_sentence_04.wav,./audio/children/child_040/imitation/child_109_sentence_04.wav,reading_vs_imitation
109,5,child_109_reading_05.wav,./audio/children/child_040/reading/child_109_reading_05.wav,child_109_sentence_05.wav,./audio/children/child_040/imitation/child_109_sentence_05.wav,reading_vs_imitation
109,6,child_109_reading_06.wav,./audio/children/child_040/reading/child_109_reading_06.wav,child_109_sentence_06.wav,./audio/children/child_040/imitation/child_109_sentence_06.wav,reading_vs_imitation
109,7,child_109_reading_07.wav,./audio/children/child_040/reading/child_109_reading_07.wav,child_109_sentence_07.wav,./audio/children/child_040/imitation/child_109_sentence_07.wav,reading_vs_imitation
109,8,child_109_reading_08.wav,./audio/children/child_040/reading/child_109_reading_08.wav,child_109_sentence_08.wav,./audio/children/child_040/imitation/child_109_sentence_08.wav,reading_vs_imitation
109,9,child_109_reading_09.wav,./audio/children/child_040/reading/child_109_reading_09.wav,child_109_sentence_09.wav,./audio/children/child_040/imitation/child_109_sentence_09.wav,reading_vs_imitation
109,10,child_109_reading_10.wav,./audio/children/child_040/reading/child_109_reading_10.wav,child_109_sentence_10.wav,./audio/children/child_040/imitation/child_109_sentence_10.wav,reading_vs_imitation
109,11,child_109_reading_11.wav,./audio/children/child_040/reading/child_109_reading_11.wav,child_109_sentence_11.wav,./audio/children/child_040/imitation/child_109_sentence_11.wav,reading_vs_imitation
109,12,child_109_reading_12.wav,./audio/children/child_040/reading/child_109_reading_12.wav,child_109_sentence_12.wav,./audio/children/child_040/imitation/child_109_sentence_12.wav,reading_vs_imitation
109,13,child_109_reading_13.wav,./audio/children/child_040/reading/child_109_reading_13.wav,child_109_sentence_13.wav,./audio/children/child_040/imitation/child_109_sentence_13.wav,reading_vs_imitation
109,14,child_109_reading_14.wav,./audio/children/child_040/reading/child_109_reading_14.wav,child_109_sentence_14.wav,./audio/children/child_040/imitation/child_109_sentence_14.wav,reading_vs_imitation
109,15,child_109_reading_15.wav,./audio/children/child_040/reading/child_109_reading_15.wav,child_109_sentence_15.wav,./audio/children/child_040/imitation/child_109_sentence_15.wav,reading_vs_imitation
109,16,child_109_reading_16.wav,./audio/children/child_040/reading/child_109_reading_16.wav,child_109_sentence_16.wav,./audio/children/child_040/imitation/child_109_sentence_16.wav,reading_vs_imitation
109,17,child_109_reading_17.wav,./audio/children/child_040/reading/child_109_reading_17.wav,child_109_sentence_17.wav,./audio/children/child_040/imitation/child_109_sentence_17.wav,reading_vs_imitation
109,18,child_109_reading_18.wav,./audio/children/child_040/reading/child_109_reading_18.wav,child_109_sentence_18.wav,./audio/children/child_040/imitation/child_109_sentence_18.wav,reading_vs_imitation
109,19,child_109_reading_19.wav,./audio/children/child_040/reading/child_109_reading_19.wav,child_109_sentence_19.wav,./audio/children/child_040/imitation/child_109_sentence_19.wav,reading_vs_imitation
109,20,child_109_reading_20.wav,./audio/children/child_040/reading/child_109_reading_20.wav,child_109_sentence_20.wav,./audio/children/child_040/imitation/child_109_sentence_20.wav,reading_vs_imitation
109,21,child_109_reading_21.wav,./audio/children/child_040/reading/child_109_reading_21.wav,child_109_sentence_21.wav,./audio/children/child_040/imitation/child_109_sentence_21.wav,reading_vs_imitation
109,22,child_109_reading_22.wav,./audio/children/child_040/reading/child_109_reading_22.wav,child_109_sentence_22.wav,./audio/children/child_040/imitation/child_109_sentence_22.wav,reading_vs_imitation
109,23,child_109_reading_23.wav,./audio/children/child_040/reading/child_109_reading_23.wav,child_109_sentence_23.wav,./audio/children/child_040/imitation/child_109_sentence_23.wav,reading_vs_imitation
109,24,child_109_reading_24.wav,./audio/children/child_040/reading/child_109_reading_24.wav,child_109_sentence_24.wav,./audio/children/child_040/imitation/child_109_sentence_24.wav,reading_vs_imitation
109,25,child_109_reading_25.wav,./audio/children/child_040/reading/child_109_reading_25.wav,child_109_sentence_25.wav,./audio/children/child_040/imitation/child_109_sentence_25.wav,reading_vs_imitation
109,26,child_109_reading_26.wav,./audio/children/child_040/reading/child_109_reading_26.wav,child_109_sentence_26.wav,./audio/children/child_040/imitation/child_109_sentence_26.wav,reading_vs_imitation
109,27,child_109_reading_27.wav,./audio/children/child_040/reading/child_109_reading_27.wav,child_109_sentence_27.wav,./audio/children/child_040/imitation/child_109_sentence_27.wav,reading_vs_imitation
109,28,child_109_reading_28.wav,./audio/children/child_040/reading/child_109_reading_28.wav,child_109_sentence_28.wav,./audio/children/child_040/imitation/child_109_sentence_28.wav,reading_vs_imitation
109,29,child_109_reading_29.wav,./audio/children/child_040/reading/child_109_reading_29.wav,child_109_sentence_29.wav,./audio/children/child_040/imitation/child_109_sentence_29.wav,reading_vs_imitation
110,1,child_110_reading_01.wav,./audio/children/child_041/reading/child_110_reading_01.wav,child_110_sentence_01.wav,./audio/children/child_041/imitation/child_110_sentence_01.wav,reading_vs_imitation
110,2,child_110_reading_02.wav,./audio/children/child_041/reading/child_110_reading_02.wav,child_110_sentence_02.wav,./audio/children/child_041/imitation/child_110_sentence_02.wav,reading_vs_imitation
110,3,child_110_reading_03.wav,./audio/children/child_041/reading/child_110_reading_03.wav,child_110_sentence_03.wav,./audio/children/child_041/imitation/child_110_sentence_03.wav,reading_vs_imitation
110,4,child_110_reading_04.wav,./audio/children/child_041/reading/child_110_reading_04.wav,child_110_sentence_04.wav,./audio/children/child_041/imitation/child_110_sentence_04.wav,reading_vs_imitation
110,5,child_110_reading_05.wav,./audio/children/child_041/reading/child_110_reading_05.wav,child_110_sentence_05.wav,./audio/children/child_041/imitation/child_110_sentence_05.wav,reading_vs_imitation
110,6,child_110_reading_06.wav,./audio/children/child_041/reading/child_110_reading_06.wav,child_110_sentence_06.wav,./audio/children/child_041/imitation/child_110_sentence_06.wav,reading_vs_imitation
110,7,child_110_reading_07.wav,./audio/children/child_041/reading/child_110_reading_07.wav,child_110_sentence_07.wav,./audio/children/child_041/imitation/child_110_sentence_07.wav,reading_vs_imitation
110,8,child_110_reading_08.wav,./audio/children/child_041/reading/child_110_reading_08.wav,child_110_sentence_08.wav,./audio/children/child_041/imitation/child_110_sentence_08.wav,reading_vs_imitation
110,9,child_110_reading_09.wav,./audio/children/child_041/reading/child_110_reading_09.wav,child_110_sentence_09.wav,./audio/children/child_041/imitation/child_110_sentence_09.wav,reading_vs_imitation
110,10,child_110_reading_10.wav,./audio/children/child_041/reading/child_110_reading_10.wav,child_110_sentence_10.wav,./audio/children/child_041/imitation/child_110_sentence_10.wav,reading_vs_imitation
110,11,child_110_reading_11.wav,./audio/children/child_041/reading/child_110_reading_11.wav,child_110_sentence_11.wav,./audio/children/child_041/imitation/child_110_sentence_11.wav,reading_vs_imitation
110,12,child_110_reading_12.wav,./audio/children/child_041/reading/child_110_reading_12.wav,child_110_sentence_12.wav,./audio/children/child_041/imitation/child_110_sentence_12.wav,reading_vs_imitation
110,13,child_110_reading_13.wav,./audio/children/child_041/reading/child_110_reading_13.wav,child_110_sentence_13.wav,./audio/children/child_041/imitation/child_110_sentence_13.wav,reading_vs_imitation
110,14,child_110_reading_14.wav,./audio/children/child_041/reading/child_110_reading_14.wav,child_110_sentence_14.wav,./audio/children/child_041/imitation/child_110_sentence_14.wav,reading_vs_imitation
110,15,child_110_reading_15.wav,./audio/children/child_041/reading/child_110_reading_15.wav,child_110_sentence_15.wav,./audio/children/child_041/imitation/child_110_sentence_15.wav,reading_vs_imitation
110,16,child_110_reading_16.wav,./audio/children/child_041/reading/child_110_reading_16.wav,child_110_sentence_16.wav,./audio/children/child_041/imitation/child_110_sentence_16.wav,reading_vs_imitation
110,17,child_110_reading_17.wav,./audio/children/child_041/reading/child_110_reading_17.wav,child_110_sentence_17.wav,./audio/children/child_041/imitation/child_110_sentence_17.wav,reading_vs_imitation
110,18,child_110_reading_18.wav,./audio/children/child_041/reading/child_110_reading_18.wav,child_110_sentence_18.wav,./audio/children/child_041/imitation/child_110_sentence_18.wav,reading_vs_imitation
110,19,child_110_reading_19.wav,./audio/children/child_041/reading/child_110_reading_19.wav,child_110_sentence_19.wav,./audio/children/child_041/imitation/child_110_sentence_19.wav,reading_vs_imitation
110,20,child_110_reading_20.wav,./audio/children/child_041/reading/child_110_reading_20.wav,child_110_sentence_20.wav,./audio/children/child_041/imitation/child_110_sentence_20.wav,reading_vs_imitation
110,21,child_110_reading_21.wav,./audio/children/child_041/reading/child_110_reading_21.wav,child_110_sentence_21.wav,./audio/children/child_041/imitation/child_110_sentence_21.wav,reading_vs_imitation
110,22,child_110_reading_22.wav,./audio/children/child_041/reading/child_110_reading_22.wav,child_110_sentence_22.wav,./audio/children/child_041/imitation/child_110_sentence_22.wav,reading_vs_imitation
110,23,child_110_reading_23.wav,./audio/children/child_041/reading/child_110_reading_23.wav,child_110_sentence_23.wav,./audio/children/child_041/imitation/child_110_sentence_23.wav,reading_vs_imitation
110,24,child_110_reading_24.wav,./audio/children/child_041/reading/child_110_reading_24.wav,child_110_sentence_24.wav,./audio/children/child_041/imitation/child_110_sentence_24.wav,reading_vs_imitation
110,25,child_110_reading_25.wav,./audio/children/child_041/reading/child_110_reading_25.wav,child_110_sentence_25.wav,./audio/children/child_041/imitation/child_110_sentence_25.wav,reading_vs_imitation
110,26,child_110_reading_26.wav,./audio/children/child_041/reading/child_110_reading_26.wav,child_110_sentence_26.wav,./audio/children/child_041/imitation/child_110_sentence_26.wav,reading_vs_imitation
110,27,child_110_reading_27.wav,./audio/children/child_041/reading/child_110_reading_27.wav,child_110_sentence_27.wav,./audio/children/child_041/imitation/child_110_sentence_27.wav,reading_vs_imitation
110,28,child_110_reading_28.wav,./audio/children/child_041/reading/child_110_reading_28.wav,child_110_sentence_28.wav,./audio/children/child_041/imitation/child_110_sentence_28.wav,reading_vs_imitation
110,29,child_110_reading_29.wav,./audio/children/child_041/reading/child_110_reading_29.wav,child_110_sentence_29.wav,./audio/children/child_041/imitation/child_110_sentence_29.wav,reading_vs_imitation
111,1,child_111_reading_01.wav,./audio/children/child_042/reading/child_111_reading_01.wav,child_111_sentence_01.wav,./audio/children/child_042/imitation/child_111_sentence_01.wav,reading_vs_imitation
111,2,child_111_reading_02.wav,./audio/children/child_042/reading/child_111_reading_02.wav,child_111_sentence_02.wav,./audio/children/child_042/imitation/child_111_sentence_02.wav,reading_vs_imitation
111,3,child_111_reading_03.wav,./audio/children/child_042/reading/child_111_reading_03.wav,child_111_sentence_03.wav,./audio/children/child_042/imitation/child_111_sentence_03.wav,reading_vs_imitation
111,4,child_111_reading_04.wav,./audio/children/child_042/reading/child_111_reading_04.wav,child_111_sentence_04.wav,./audio/children/child_042/imitation/child_111_sentence_04.wav,reading_vs_imitation
111,5,child_111_reading_05.wav,./audio/children/child_042/reading/child_111_reading_05.wav,child_111_sentence_05.wav,./audio/children/child_042/imitation/child_111_sentence_05.wav,reading_vs_imitation
111,6,child_111_reading_06.wav,./audio/children/child_042/reading/child_111_reading_06.wav,child_111_sentence_06.wav,./audio/children/child_042/imitation/child_111_sentence_06.wav,reading_vs_imitation
111,7,child_111_reading_07.wav,./audio/children/child_042/reading/child_111_reading_07.wav,child_111_sentence_07.wav,./audio/children/child_042/imitation/child_111_sentence_07.wav,reading_vs_imitation
111,8,child_111_reading_08.wav,./audio/children/child_042/reading/child_111_reading_08.wav,child_111_sentence_08.wav,./audio/children/child_042/imitation/child_111_sentence_08.wav,reading_vs_imitation
111,9,child_111_reading_09.wav,./audio/children/child_042/reading/child_111_reading_09.wav,child_111_sentence_09.wav,./audio/children/child_042/imitation/child_111_sentence_09.wav,reading_vs_imitation
111,10,child_111_reading_10.wav,./audio/children/child_042/reading/child_111_reading_10.wav,child_111_sentence_10.wav,./audio/children/child_042/imitation/child_111_sentence_10.wav,reading_vs_imitation
111,11,child_111_reading_11.wav,./audio/children/child_042/reading/child_111_reading_11.wav,child_111_sentence_11.wav,./audio/children/child_042/imitation/child_111_sentence_11.wav,reading_vs_imitation
111,12,child_111_reading_12.wav,./audio/children/child_042/reading/child_111_reading_12.wav,child_111_sentence_12.wav,./audio/children/child_042/imitation/child_111_sentence_12.wav,reading_vs_imitation
111,13,child_111_reading_13.wav,./audio/children/child_042/reading/child_111_reading_13.wav,child_111_sentence_13.wav,./audio/children/child_042/imitation/child_111_sentence_13.wav,reading_vs_imitation
111,14,child_111_reading_14.wav,./audio/children/child_042/reading/child_111_reading_14.wav,child_111_sentence_14.wav,./audio/children/child_042/imitation/child_111_sentence_14.wav,reading_vs_imitation
111,15,child_111_reading_15.wav,./audio/children/child_042/reading/child_111_reading_15.wav,child_111_sentence_15.wav,./audio/children/child_042/imitation/child_111_sentence_15.wav,reading_vs_imitation
111,16,child_111_reading_16.wav,./audio/children/child_042/reading/child_111_reading_16.wav,child_111_sentence_16.wav,./audio/children/child_042/imitation/child_111_sentence_16.wav,reading_vs_imitation
111,17,child_111_reading_17.wav,./audio/children/child_042/reading/child_111_reading_17.wav,child_111_sentence_17.wav,./audio/children/child_042/imitation/child_111_sentence_17.wav,reading_vs_imitation
111,18,child_111_reading_18.wav,./audio/children/child_042/reading/child_111_reading_18.wav,child_111_sentence_18.wav,./audio/children/child_042/imitation/child_111_sentence_18.wav,reading_vs_imitation
111,19,child_111_reading_19.wav,./audio/children/child_042/reading/child_111_reading_19.wav,child_111_sentence_19.wav,./audio/children/child_042/imitation/child_111_sentence_19.wav,reading_vs_imitation
111,20,child_111_reading_20.wav,./audio/children/child_042/reading/child_111_reading_20.wav,child_111_sentence_20.wav,./audio/children/child_042/imitation/child_111_sentence_20.wav,reading_vs_imitation
111,21,child_111_reading_21.wav,./audio/children/child_042/reading/child_111_reading_21.wav,child_111_sentence_21.wav,./audio/children/child_042/imitation/child_111_sentence_21.wav,reading_vs_imitation
111,22,child_111_reading_22.wav,./audio/children/child_042/reading/child_111_reading_22.wav,child_111_sentence_22.wav,./audio/children/child_042/imitation/child_111_sentence_22.wav,reading_vs_imitation
111,23,child_111_reading_23.wav,./audio/children/child_042/reading/child_111_reading_23.wav,child_111_sentence_23.wav,./audio/children/child_042/imitation/child_111_sentence_23.wav,reading_vs_imitation
111,24,child_111_reading_24.wav,./audio/children/child_042/reading/child_111_reading_24.wav,child_111_sentence_24.wav,./audio/children/child_042/imitation/child_111_sentence_24.wav,reading_vs_imitation
111,25,child_111_reading_25.wav,./audio/children/child_042/reading/child_111_reading_25.wav,child_111_sentence_25.wav,./audio/children/child_042/imitation/child_111_sentence_25.wav,reading_vs_imitation
111,26,child_111_reading_26.wav,./audio/children/child_042/reading/child_111_reading_26.wav,child_111_sentence_26.wav,./audio/children/child_042/imitation/child_111_sentence_26.wav,reading_vs_imitation
111,27,child_111_reading_27.wav,./audio/children/child_042/reading/child_111_reading_27.wav,child_111_sentence_27.wav,./audio/children/child_042/imitation/child_111_sentence_27.wav,reading_vs_imitation
111,28,child_111_reading_28.wav,./audio/children/child_042/reading/child_111_reading_28.wav,child_111_sentence_28.wav,./audio/children/child_042/imitation/child_111_sentence_28.wav,reading_vs_imitation
111,29,child_111_reading_29.wav,./audio/children/child_042/reading/child_111_reading_29.wav,child_111_sentence_29.wav,./audio/children/child_042/imitation/child_111_sentence_29.wav,reading_vs_imitation
112,1,child_112_reading_01.wav,./audio/children/child_043/reading/child_112_reading_01.wav,child_112_sentence_01.wav,./audio/children/child_043/imitation/child_112_sentence_01.wav,reading_vs_imitation
112,2,child_112_reading_02.wav,./audio/children/child_043/reading/child_112_reading_02.wav,child_112_sentence_02.wav,./audio/children/child_043/imitation/child_112_sentence_02.wav,reading_vs_imitation
112,3,child_112_reading_03.wav,./audio/children/child_043/reading/child_112_reading_03.wav,child_112_sentence_03.wav,./audio/children/child_043/imitation/child_112_sentence_03.wav,reading_vs_imitation
112,4,child_112_reading_04.wav,./audio/children/child_043/reading/child_112_reading_04.wav,child_112_sentence_04.wav,./audio/children/child_043/imitation/child_112_sentence_04.wav,reading_vs_imitation
112,5,child_112_reading_05.wav,./audio/children/child_043/reading/child_112_reading_05.wav,child_112_sentence_05.wav,./audio/children/child_043/imitation/child_112_sentence_05.wav,reading_vs_imitation
112,6,child_112_reading_06.wav,./audio/children/child_043/reading/child_112_reading_06.wav,child_112_sentence_06.wav,./audio/children/child_043/imitation/child_112_sentence_06.wav,reading_vs_imitation
112,7,child_112_reading_07.wav,./audio/children/child_043/reading/child_112_reading_07.wav,child_112_sentence_07.wav,./audio/children/child_043/imitation/child_112_sentence_07.wav,reading_vs_imitation
112,8,child_112_reading_08.wav,./audio/children/child_043/reading/child_112_reading_08.wav,child_112_sentence_08.wav,./audio/children/child_043/imitation/child_112_sentence_08.wav,reading_vs_imitation
112,9,child_112_reading_09.wav,./audio/children/child_043/reading/child_112_reading_09.wav,child_112_sentence_09.wav,./audio/children/child_043/imitation/child_112_sentence_09.wav,reading_vs_imitation
112,10,child_112_reading_10.wav,./audio/children/child_043/reading/child_112_reading_10.wav,child_112_sentence_10.wav,./audio/children/child_043/imitation/child_112_sentence_10.wav,reading_vs_imitation
112,11,child_112_reading_11.wav,./audio/children/child_043/reading/child_112_reading_11.wav,child_112_sentence_11.wav,./audio/children/child_043/imitation/child_112_sentence_11.wav,reading_vs_imitation
112,12,child_112_reading_12.wav,./audio/children/child_043/reading/child_112_reading_12.wav,child_112_sentence_12.wav,./audio/children/child_043/imitation/child_112_sentence_12.wav,reading_vs_imitation
112,13,child_112_reading_13.wav,./audio/children/child_043/reading/child_112_reading_13.wav,child_112_sentence_13.wav,./audio/children/child_043/imitation/child_112_sentence_13.wav,reading_vs_imitation
112,14,child_112_reading_14.wav,./audio/children/child_043/reading/child_112_reading_14.wav,child_112_sentence_14.wav,./audio/children/child_043/imitation/child_112_sentence_14.wav,reading_vs_imitation
112,15,child_112_reading_15.wav,./audio/children/child_043/reading/child_112_reading_15.wav,child_112_sentence_15.wav,./audio/children/child_043/imitation/child_112_sentence_15.wav,reading_vs_imitation
112,16,child_112_reading_16.wav,./audio/children/child_043/reading/child_112_reading_16.wav,child_112_sentence_16.wav,./audio/children/child_043/imitation/child_112_sentence_16.wav,reading_vs_imitation
112,17,child_112_reading_17.wav,./audio/children/child_043/reading/child_112_reading_17.wav,child_112_sentence_17.wav,./audio/children/child_043/imitation/child_112_sentence_17.wav,reading_vs_imitation
112,18,child_112_reading_18.wav,./audio/children/child_043/reading/child_112_reading_18.wav,child_112_sentence_18.wav,./audio/children/child_043/imitation/child_112_sentence_18.wav,reading_vs_imitation
112,19,child_112_reading_19.wav,./audio/children/child_043/reading/child_112_reading_19.wav,child_112_sentence_19.wav,./audio/children/child_043/imitation/child_112_sentence_19.wav,reading_vs_imitation
112,20,child_112_reading_20.wav,./audio/children/child_043/reading/child_112_reading_20.wav,child_112_sentence_20.wav,./audio/children/child_043/imitation/child_112_sentence_20.wav,reading_vs_imitation
112,21,child_112_reading_21.wav,./audio/children/child_043/reading/child_112_reading_21.wav,child_112_sentence_21.wav,./audio/children/child_043/imitation/child_112_sentence_21.wav,reading_vs_imitation
112,22,child_112_reading_22.wav,./audio/children/child_043/reading/child_112_reading_22.wav,child_112_sentence_22.wav,./audio/children/child_043/imitation/child_112_sentence_22.wav,reading_vs_imitation
112,23,child_112_reading_23.wav,./audio/children/child_043/reading/child_112_reading_23.wav,child_112_sentence_23.wav,./audio/children/child_043/imitation/child_112_sentence_23.wav,reading_vs_imitation
112,24,child_112_reading_24.wav,./audio/children/child_043/reading/child_112_reading_24.wav,child_112_sentence_24.wav,./audio/children/child_043/imitation/child_112_sentence_24.wav,reading_vs_imitation
112,25,child_112_reading_25.wav,./audio/children/child_043/reading/child_112_reading_25.wav,child_112_sentence_25.wav,./audio/children/child_043/imitation/child_112_sentence_25.wav,reading_vs_imitation
112,26,child_112_reading_26.wav,./audio/children/child_043/reading/child_112_reading_26.wav,child_112_sentence_26.wav,./audio/children/child_043/imitation/child_112_sentence_26.wav,reading_vs_imitation
112,27,child_112_reading_27.wav,./audio/children/child_043/reading/child_112_reading_27.wav,child_112_sentence_27.wav,./audio/children/child_043/imitation/child_112_sentence_27.wav,reading_vs_imitation
112,28,child_112_reading_28.wav,./audio/children/child_043/reading/child_112_reading_28.wav,child_112_sentence_28.wav,./audio/children/child_043/imitation/child_112_sentence_28.wav,reading_vs_imitation
112,29,child_112_reading_29.wav,./audio/children/child_043/reading/child_112_reading_29.wav,child_112_sentence_29.wav,./audio/children/child_043/imitation/child_112_sentence_29.wav,reading_vs_imitation
113,1,child_113_reading_01.wav,./audio/children/child_044/reading/child_113_reading_01.wav,child_113_sentence_01.wav,./audio/children/child_044/imitation/child_113_sentence_01.wav,reading_vs_imitation
113,2,child_113_reading_02.wav,./audio/children/child_044/reading/child_113_reading_02.wav,child_113_sentence_02.wav,./audio/children/child_044/imitation/child_113_sentence_02.wav,reading_vs_imitation
113,3,child_113_reading_03.wav,./audio/children/child_044/reading/child_113_reading_03.wav,child_113_sentence_03.wav,./audio/children/child_044/imitation/child_113_sentence_03.wav,reading_vs_imitation
113,4,child_113_reading_04.wav,./audio/children/child_044/reading/child_113_reading_04.wav,child_113_sentence_04.wav,./audio/children/child_044/imitation/child_113_sentence_04.wav,reading_vs_imitation
113,5,child_113_reading_05.wav,./audio/children/child_044/reading/child_113_reading_05.wav,child_113_sentence_05.wav,./audio/children/child_044/imitation/child_113_sentence_05.wav,reading_vs_imitation
113,6,child_113_reading_06.wav,./audio/children/child_044/reading/child_113_reading_06.wav,child_113_sentence_06.wav,./audio/children/child_044/imitation/child_113_sentence_06.wav,reading_vs_imitation
113,7,child_113_reading_07.wav,./audio/children/child_044/reading/child_113_reading_07.wav,child_113_sentence_07.wav,./audio/children/child_044/imitation/child_113_sentence_07.wav,reading_vs_imitation
113,8,child_113_reading_08.wav,./audio/children/child_044/reading/child_113_reading_08.wav,child_113_sentence_08.wav,./audio/children/child_044/imitation/child_113_sentence_08.wav,reading_vs_imitation
113,9,child_113_reading_09.wav,./audio/children/child_044/reading/child_113_reading_09.wav,child_113_sentence_09.wav,./audio/children/child_044/imitation/child_113_sentence_09.wav,reading_vs_imitation
113,10,child_113_reading_10.wav,./audio/children/child_044/reading/child_113_reading_10.wav,child_113_sentence_10.wav,./audio/children/child_044/imitation/child_113_sentence_10.wav,reading_vs_imitation
113,11,child_113_reading_11.wav,./audio/children/child_044/reading/child_113_reading_11.wav,child_113_sentence_11.wav,./audio/children/child_044/imitation/child_113_sentence_11.wav,reading_vs_imitation
113,12,child_113_reading_12.wav,./audio/children/child_044/reading/child_113_reading_12.wav,child_113_sentence_12.wav,./audio/children/child_044/imitation/child_113_sentence_12.wav,reading_vs_imitation
113,13,child_113_reading_13.wav,./audio/children/child_044/reading/child_113_reading_13.wav,child_113_sentence_13.wav,./audio/children/child_044/imitation/child_113_sentence_13.wav,reading_vs_imitation
113,14,child_113_reading_14.wav,./audio/children/child_044/reading/child_113_reading_14.wav,child_113_sentence_14.wav,./audio/children/child_044/imitation/child_113_sentence_14.wav,reading_vs_imitation
113,15,child_113_reading_15.wav,./audio/children/child_044/reading/child_113_reading_15.wav,child_113_sentence_15.wav,./audio/children/child_044/imitation/child_113_sentence_15.wav,reading_vs_imitation
113,16,child_113_reading_16.wav,./audio/children/child_044/reading/child_113_reading_16.wav,child_113_sentence_16.wav,./audio/children/child_044/imitation/child_113_sentence_16.wav,reading_vs_imitation
113,17,child_113_reading_17.wav,./audio/children/child_044/reading/child_113_reading_17.wav,child_113_sentence_17.wav,./audio/children/child_044/imitation/child_113_sentence_17.wav,reading_vs_imitation
113,18,child_113_reading_18.wav,./audio/children/child_044/reading/child_113_reading_18.wav,child_113_sentence_18.wav,./audio/children/child_044/imitation/child_113_sentence_18.wav,reading_vs_imitation
113,19,child_113_reading_19.wav,./audio/children/child_044/reading/child_113_reading_19.wav,child_113_sentence_19.wav,./audio/children/child_044/imitation/child_113_sentence_19.wav,reading_vs_imitation
113,20,child_113_reading_20.wav,./audio/children/child_044/reading/child_113_reading_20.wav,child_113_sentence_20.wav,./audio/children/child_044/imitation/child_113_sentence_20.wav,reading_vs_imitation
113,21,child_113_reading_21.wav,./audio/children/child_044/reading/child_113_reading_21.wav,child_113_sentence_21.wav,./audio/children/child_044/imitation/child_113_sentence_21.wav,reading_vs_imitation
113,22,child_113_reading_22.wav,./audio/children/child_044/reading/child_113_reading_22.wav,child_113_sentence_22.wav,./audio/children/child_044/imitation/child_113_sentence_22.wav,reading_vs_imitation
113,23,child_113_reading_23.wav,./audio/children/child_044/reading/child_113_reading_23.wav,child_113_sentence_23.wav,./audio/children/child_044/imitation/child_113_sentence_23.wav,reading_vs_imitation
113,24,child_113_reading_24.wav,./audio/children/child_044/reading/child_113_reading_24.wav,child_113_sentence_24.wav,./audio/children/child_044/imitation/child_113_sentence_24.wav,reading_vs_imitation
113,25,child_113_reading_25.wav,./audio/children/child_044/reading/child_113_reading_25.wav,child_113_sentence_25.wav,./audio/children/child_044/imitation/child_113_sentence_25.wav,reading_vs_imitation
113,26,child_113_reading_26.wav,./audio/children/child_044/reading/child_113_reading_26.wav,child_113_sentence_26.wav,./audio/children/child_044/imitation/child_113_sentence_26.wav,reading_vs_imitation
113,27,child_113_reading_27.wav,./audio/children/child_044/reading/child_113_reading_27.wav,child_113_sentence_27.wav,./audio/children/child_044/imitation/child_113_sentence_27.wav,reading_vs_imitation
113,28,child_113_reading_28.wav,./audio/children/child_044/reading/child_113_reading_28.wav,child_113_sentence_28.wav,./audio/children/child_044/imitation/child_113_sentence_28.wav,reading_vs_imitation
113,29,child_113_reading_29.wav,./audio/children/child_044/reading/child_113_reading_29.wav,child_113_sentence_29.wav,./audio/children/child_044/imitation/child_113_sentence_29.wav,reading_vs_imitation
114,1,child_114_reading_01.wav,./audio/children/child_045/reading/child_114_reading_01.wav,child_114_sentence_01.wav,./audio/children/child_045/imitation/child_114_sentence_01.wav,reading_vs_imitation
114,2,child_114_reading_02.wav,./audio/children/child_045/reading/child_114_reading_02.wav,child_114_sentence_02.wav,./audio/children/child_045/imitation/child_114_sentence_02.wav,reading_vs_imitation
114,3,child_114_reading_03.wav,./audio/children/child_045/reading/child_114_reading_03.wav,child_114_sentence_03.wav,./audio/children/child_045/imitation/child_114_sentence_03.wav,reading_vs_imitation
114,4,child_114_reading_04.wav,./audio/children/child_045/reading/child_114_reading_04.wav,child_114_sentence_04.wav,./audio/children/child_045/imitation/child_114_sentence_04.wav,reading_vs_imitation
114,5,child_114_reading_05.wav,./audio/children/child_045/reading/child_114_reading_05.wav,child_114_sentence_05.wav,./audio/children/child_045/imitation/child_114_sentence_05.wav,reading_vs_imitation
114,6,child_114_reading_06.wav,./audio/children/child_045/reading/child_114_reading_06.wav,child_114_sentence_06.wav,./audio/children/child_045/imitation/child_114_sentence_06.wav,reading_vs_imitation
114,7,child_114_reading_07.wav,./audio/children/child_045/reading/child_114_reading_07.wav,child_114_sentence_07.wav,./audio/children/child_045/imitation/child_114_sentence_07.wav,reading_vs_imitation
114,8,child_114_reading_08.wav,./audio/children/child_045/reading/child_114_reading_08.wav,child_114_sentence_08.wav,./audio/children/child_045/imitation/child_114_sentence_08.wav,reading_vs_imitation
114,9,child_114_reading_09.wav,./audio/children/child_045/reading/child_114_reading_09.wav,child_114_sentence_09.wav,./audio/children/child_045/imitation/child_114_sentence_09.wav,reading_vs_imitation
114,10,child_114_reading_10.wav,./audio/children/child_045/reading/child_114_reading_10.wav,child_114_sentence_10.wav,./audio/children/child_045/imitation/child_114_sentence_10.wav,reading_vs_imitation
114,11,child_114_reading_11.wav,./audio/children/child_045/reading/child_114_reading_11.wav,child_114_sentence_11.wav,./audio/children/child_045/imitation/child_114_sentence_11.wav,reading_vs_imitation
114,12,child_114_reading_12.wav,./audio/children/child_045/reading/child_114_reading_12.wav,child_114_sentence_12.wav,./audio/children/child_045/imitation/child_114_sentence_12.wav,reading_vs_imitation
114,13,child_114_reading_13.wav,./audio/children/child_045/reading/child_114_reading_13.wav,child_114_sentence_13.wav,./audio/children/child_045/imitation/child_114_sentence_13.wav,reading_vs_imitation
114,14,child_114_reading_14.wav,./audio/children/child_045/reading/child_114_reading_14.wav,child_114_sentence_14.wav,./audio/children/child_045/imitation/child_114_sentence_14.wav,reading_vs_imitation
114,15,child_114_reading_15.wav,./audio/children/child_045/reading/child_114_reading_15.wav,child_114_sentence_15.wav,./audio/children/child_045/imitation/child_114_sentence_15.wav,reading_vs_imitation
114,16,child_114_reading_16.wav,./audio/children/child_045/reading/child_114_reading_16.wav,child_114_sentence_16.wav,./audio/children/child_045/imitation/child_114_sentence_16.wav,reading_vs_imitation
114,17,child_114_reading_17.wav,./audio/children/child_045/reading/child_114_reading_17.wav,child_114_sentence_17.wav,./audio/children/child_045/imitation/child_114_sentence_17.wav,reading_vs_imitation
114,18,child_114_reading_18.wav,./audio/children/child_045/reading/child_114_reading_18.wav,child_114_sentence_18.wav,./audio/children/child_045/imitation/child_114_sentence_18.wav,reading_vs_imitation
114,19,child_114_reading_19.wav,./audio/children/child_045/reading/child_114_reading_19.wav,child_114_sentence_19.wav,./audio/children/child_045/imitation/child_114_sentence_19.wav,reading_vs_imitation
114,20,child_114_reading_20.wav,./audio/children/child_045/reading/child_114_reading_20.wav,child_114_sentence_20.wav,./audio/children/child_045/imitation/child_114_sentence_20.wav,reading_vs_imitation
114,21,child_114_reading_21.wav,./audio/children/child_045/reading/child_114_reading_21.wav,child_114_sentence_21.wav,./audio/children/child_045/imitation/child_114_sentence_21.wav,reading_vs_imitation
114,22,child_114_reading_22.wav,./audio/children/child_045/reading/child_114_reading_22.wav,child_114_sentence_22.wav,./audio/children/child_045/imitation/child_114_sentence_22.wav,reading_vs_imitation
114,23,child_114_reading_23.wav,./audio/children/child_045/reading/child_114_reading_23.wav,child_114_sentence_23.wav,./audio/children/child_045/imitation/child_114_sentence_23.wav,reading_vs_imitation
114,24,child_114_reading_24.wav,./audio/children/child_045/reading/child_114_reading_24.wav,child_114_sentence_24.wav,./audio/children/child_045/imitation/child_114_sentence_24.wav,reading_vs_imitation
114,25,child_114_reading_25.wav,./audio/children/child_045/reading/child_114_reading_25.wav,child_114_sentence_25.wav,./audio/children/child_045/imitation/child_114_sentence_25.wav,reading_vs_imitation
114,26,child_114_reading_26.wav,./audio/children/child_045/reading/child_114_reading_26.wav,child_114_sentence_26.wav,./audio/children/child_045/imitation/child_114_sentence_26.wav,reading_vs_imitation
114,27,child_114_reading_27.wav,./audio/children/child_045/reading/child_114_reading_27.wav,child_114_sentence_27.wav,./audio/children/child_045/imitation/child_114_sentence_27.wav,reading_vs_imitation
114,28,child_114_reading_28.wav,./audio/children/child_045/reading/child_114_reading_28.wav,child_114_sentence_28.wav,./audio/children/child_045/imitation/child_114_sentence_28.wav,reading_vs_imitation
114,29,child_114_reading_29.wav,./audio/children/child_045/reading/child_114_reading_29.wav,child_114_sentence_29.wav,./audio/children/child_045/imitation/child_114_sentence_29.wav,reading_vs_imitation
115,1,child_115_reading_01.wav,./audio/children/child_046/reading/child_115_reading_01.wav,child_115_sentence_01.wav,./audio/children/child_046/imitation/child_115_sentence_01.wav,reading_vs_imitation
115,2,child_115_reading_02.wav,./audio/children/child_046/reading/child_115_reading_02.wav,child_115_sentence_02.wav,./audio/children/child_046/imitation/child_115_sentence_02.wav,reading_vs_imitation
115,3,child_115_reading_03.wav,./audio/children/child_046/reading/child_115_reading_03.wav,child_115_sentence_03.wav,./audio/children/child_046/imitation/child_115_sentence_03.wav,reading_vs_imitation
115,4,child_115_reading_04.wav,./audio/children/child_046/reading/child_115_reading_04.wav,child_115_sentence_04.wav,./audio/children/child_046/imitation/child_115_sentence_04.wav,reading_vs_imitation
115,5,child_115_reading_05.wav,./audio/children/child_046/reading/child_115_reading_05.wav,child_115_sentence_05.wav,./audio/children/child_046/imitation/child_115_sentence_05.wav,reading_vs_imitation
115,6,child_115_reading_06.wav,./audio/children/child_046/reading/child_115_reading_06.wav,child_115_sentence_06.wav,./audio/children/child_046/imitation/child_115_sentence_06.wav,reading_vs_imitation
115,7,child_115_reading_07.wav,./audio/children/child_046/reading/child_115_reading_07.wav,child_115_sentence_07.wav,./audio/children/child_046/imitation/child_115_sentence_07.wav,reading_vs_imitation
115,8,child_115_reading_08.wav,./audio/children/child_046/reading/child_115_reading_08.wav,child_115_sentence_08.wav,./audio/children/child_046/imitation/child_115_sentence_08.wav,reading_vs_imitation
115,9,child_115_reading_09.wav,./audio/children/child_046/reading/child_115_reading_09.wav,child_115_sentence_09.wav,./audio/children/child_046/imitation/child_115_sentence_09.wav,reading_vs_imitation
115,10,child_115_reading_10.wav,./audio/children/child_046/reading/child_115_reading_10.wav,child_115_sentence_10.wav,./audio/children/child_046/imitation/child_115_sentence_10.wav,reading_vs_imitation
115,11,child_115_reading_11.wav,./audio/children/child_046/reading/child_115_reading_11.wav,child_115_sentence_11.wav,./audio/children/child_046/imitation/child_115_sentence_11.wav,reading_vs_imitation
115,12,child_115_reading_12.wav,./audio/children/child_046/reading/child_115_reading_12.wav,child_115_sentence_12.wav,./audio/children/child_046/imitation/child_115_sentence_12.wav,reading_vs_imitation
115,13,child_115_reading_13.wav,./audio/children/child_046/reading/child_115_reading_13.wav,child_115_sentence_13.wav,./audio/children/child_046/imitation/child_115_sentence_13.wav,reading_vs_imitation
115,14,child_115_reading_14.wav,./audio/children/child_046/reading/child_115_reading_14.wav,child_115_sentence_14.wav,./audio/children/child_046/imitation/child_115_sentence_14.wav,reading_vs_imitation
115,15,child_115_reading_15.wav,./audio/children/child_046/reading/child_115_reading_15.wav,child_115_sentence_15.wav,./audio/children/child_046/imitation/child_115_sentence_15.wav,reading_vs_imitation
115,16,child_115_reading_16.wav,./audio/children/child_046/reading/child_115_reading_16.wav,child_115_sentence_16.wav,./audio/children/child_046/imitation/child_115_sentence_16.wav,reading_vs_imitation
115,17,child_115_reading_17.wav,./audio/children/child_046/reading/child_115_reading_17.wav,child_115_sentence_17.wav,./audio/children/child_046/imitation/child_115_sentence_17.wav,reading_vs_imitation
115,18,child_115_reading_18.wav,./audio/children/child_046/reading/child_115_reading_18.wav,child_115_sentence_18.wav,./audio/children/child_046/imitation/child_115_sentence_18.wav,reading_vs_imitation
115,19,child_115_reading_19.wav,./audio/children/child_046/reading/child_115_reading_19.wav,child_115_sentence_19.wav,./audio/children/child_046/imitation/child_115_sentence_19.wav,reading_vs_imitation
115,20,child_115_reading_20.wav,./audio/children/child_046/reading/child_115_reading_20.wav,child_115_sentence_20.wav,./audio/children/child_046/imitation/child_115_sentence_20.wav,reading_vs_imitation
115,21,child_115_reading_21.wav,./audio/children/child_046/reading/child_115_reading_21.wav,child_115_sentence_21.wav,./audio/children/child_046/imitation/child_115_sentence_21.wav,reading_vs_imitation
115,22,child_115_reading_22.wav,./audio/children/child_046/reading/child_115_reading_22.wav,child_115_sentence_22.wav,./audio/children/child_046/imitation/child_115_sentence_22.wav,reading_vs_imitation
115,23,child_115_reading_23.wav,./audio/children/child_046/reading/child_115_reading_23.wav,child_115_sentence_23.wav,./audio/children/child_046/imitation/child_115_sentence_23.wav,reading_vs_imitation
115,24,child_115_reading_24.wav,./audio/children/child_046/reading/child_115_reading_24.wav,child_115_sentence_24.wav,./audio/children/child_046/imitation/child_115_sentence_24.wav,reading_vs_imitation
115,25,child_115_reading_25.wav,./audio/children/child_046/reading/child_115_reading_25.wav,child_115_sentence_25.wav,./audio/children/child_046/imitation/child_115_sentence_25.wav,reading_vs_imitation
115,26,child_115_reading_26.wav,./audio/children/child_046/reading/child_115_reading_26.wav,child_115_sentence_26.wav,./audio/children/child_046/imitation/child_115_sentence_26.wav,reading_vs_imitation
115,27,child_115_reading_27.wav,./audio/children/child_046/reading/child_115_reading_27.wav,child_115_sentence_27.wav,./audio/children/child_046/imitation/child_115_sentence_27.wav,reading_vs_imitation
115,28,child_115_reading_28.wav,./audio/children/child_046/reading/child_115_reading_28.wav,child_115_sentence_28.wav,./audio/children/child_046/imitation/child_115_sentence_28.wav,reading_vs_imitation
115,29,child_115_reading_29.wav,./audio/children/child_046/reading/child_115_reading_29.wav,child_115_sentence_29.wav,./audio/children/child_046/imitation/child_115_sentence_29.wav,reading_vs_imitation
116,1,child_116_reading_01.wav,./audio/children/child_047/reading/child_116_reading_01.wav,child_116_sentence_01.wav,./audio/children/child_047/imitation/child_116_sentence_01.wav,reading_vs_imitation
116,2,child_116_reading_02.wav,./audio/children/child_047/reading/child_116_reading_02.wav,child_116_sentence_02.wav,./audio/children/child_047/imitation/child_116_sentence_02.wav,reading_vs_imitation
116,3,child_116_reading_03.wav,./audio/children/child_047/reading/child_116_reading_03.wav,child_116_sentence_03.wav,./audio/children/child_047/imitation/child_116_sentence_03.wav,reading_vs_imitation
116,4,child_116_reading_04.wav,./audio/children/child_047/reading/child_116_reading_04.wav,child_116_sentence_04.wav,./audio/children/child_047/imitation/child_116_sentence_04.wav,reading_vs_imitation
116,5,child_116_reading_05.wav,./audio/children/child_047/reading/child_116_reading_05.wav,child_116_sentence_05.wav,./audio/children/child_047/imitation/child_116_sentence_05.wav,reading_vs_imitation
116,6,child_116_reading_06.wav,./audio/children/child_047/reading/child_116_reading_06.wav,child_116_sentence_06.wav,./audio/children/child_047/imitation/child_116_sentence_06.wav,reading_vs_imitation
116,7,child_116_reading_07.wav,./audio/children/child_047/reading/child_116_reading_07.wav,child_116_sentence_07.wav,./audio/children/child_047/imitation/child_116_sentence_07.wav,reading_vs_imitation
116,8,child_116_reading_08.wav,./audio/children/child_047/reading/child_116_reading_08.wav,child_116_sentence_08.wav,./audio/children/child_047/imitation/child_116_sentence_08.wav,reading_vs_imitation
116,9,child_116_reading_09.wav,./audio/children/child_047/reading/child_116_reading_09.wav,child_116_sentence_09.wav,./audio/children/child_047/imitation/child_116_sentence_09.wav,reading_vs_imitation
116,10,child_116_reading_10.wav,./audio/children/child_047/reading/child_116_reading_10.wav,child_116_sentence_10.wav,./audio/children/child_047/imitation/child_116_sentence_10.wav,reading_vs_imitation
116,11,child_116_reading_11.wav,./audio/children/child_047/reading/child_116_reading_11.wav,child_116_sentence_11.wav,./audio/children/child_047/imitation/child_116_sentence_11.wav,reading_vs_imitation
116,12,child_116_reading_12.wav,./audio/children/child_047/reading/child_116_reading_12.wav,child_116_sentence_12.wav,./audio/children/child_047/imitation/child_116_sentence_12.wav,reading_vs_imitation
116,13,child_116_reading_13.wav,./audio/children/child_047/reading/child_116_reading_13.wav,child_116_sentence_13.wav,./audio/children/child_047/imitation/child_116_sentence_13.wav,reading_vs_imitation
116,14,child_116_reading_14.wav,./audio/children/child_047/reading/child_116_reading_14.wav,child_116_sentence_14.wav,./audio/children/child_047/imitation/child_116_sentence_14.wav,reading_vs_imitation
116,15,child_116_reading_15.wav,./audio/children/child_047/reading/child_116_reading_15.wav,child_116_sentence_15.wav,./audio/children/child_047/imitation/child_116_sentence_15.wav,reading_vs_imitation
116,16,child_116_reading_16.wav,./audio/children/child_047/reading/child_116_reading_16.wav,child_116_sentence_16.wav,./audio/children/child_047/imitation/child_116_sentence_16.wav,reading_vs_imitation
116,17,child_116_reading_17.wav,./audio/children/child_047/reading/child_116_reading_17.wav,child_116_sentence_17.wav,./audio/children/child_047/imitation/child_116_sentence_17.wav,reading_vs_imitation
116,18,child_116_reading_18.wav,./audio/children/child_047/reading/child_116_reading_18.wav,child_116_sentence_18.wav,./audio/children/child_047/imitation/child_116_sentence_18.wav,reading_vs_imitation
116,19,child_116_reading_19.wav,./audio/children/child_047/reading/child_116_reading_19.wav,child_116_sentence_19.wav,./audio/children/child_047/imitation/child_116_sentence_19.wav,reading_vs_imitation
116,20,child_116_reading_20.wav,./audio/children/child_047/reading/child_116_reading_20.wav,child_116_sentence_20.wav,./audio/children/child_047/imitation/child_116_sentence_20.wav,reading_vs_imitation
116,21,child_116_reading_21.wav,./audio/children/child_047/reading/child_116_reading_21.wav,child_116_sentence_21.wav,./audio/children/child_047/imitation/child_116_sentence_21.wav,reading_vs_imitation
116,22,child_116_reading_22.wav,./audio/children/child_047/reading/child_116_reading_22.wav,child_116_sentence_22.wav,./audio/children/child_047/imitation/child_116_sentence_22.wav,reading_vs_imitation
116,23,child_116_reading_23.wav,./audio/children/child_047/reading/child_116_reading_23.wav,child_116_sentence_23.wav,./audio/children/child_047/imitation/child_116_sentence_23.wav,reading_vs_imitation
116,24,child_116_reading_24.wav,./audio/children/child_047/reading/child_116_reading_24.wav,child_116_sentence_24.wav,./audio/children/child_047/imitation/child_116_sentence_24.wav,reading_vs_imitation
116,25,child_116_reading_25.wav,./audio/children/child_047/reading/child_116_reading_25.wav,child_116_sentence_25.wav,./audio/children/child_047/imitation/child_116_sentence_25.wav,reading_vs_imitation
116,26,child_116_reading_26.wav,./audio/children/child_047/reading/child_116_reading_26.wav,child_116_sentence_26.wav,./audio/children/child_047/imitation/child_116_sentence_26.wav,reading_vs_imitation
116,27,child_116_reading_27.wav,./audio/children/child_047/reading/child_116_reading_27.wav,child_116_sentence_27.wav,./audio/children/child_047/imitation/child_116_sentence_27.wav,reading_vs_imitation
116,28,child_116_reading_28.wav,./audio/children/child_047/reading/child_116_reading_28.wav,child_116_sentence_28.wav,./audio/children/child_047/imitation/child_116_sentence_28.wav,reading_vs_imitation
116,29,child_116_reading_29.wav,./audio/children/child_047/reading/child_116_reading_29.wav,child_116_sentence_29.wav,./audio/children/child_047/imitation/child_116_sentence_29.wav,reading_vs_imitation
117,1,child_117_reading_01.wav,./audio/children/child_048/reading/child_117_reading_01.wav,child_117_sentence_01.wav,./audio/children/child_048/imitation/child_117_sentence_01.wav,reading_vs_imitation
117,2,child_117_reading_02.wav,./audio/children/child_048/reading/child_117_reading_02.wav,child_117_sentence_02.wav,./audio/children/child_048/imitation/child_117_sentence_02.wav,reading_vs_imitation
117,3,child_117_reading_03.wav,./audio/children/child_048/reading/child_117_reading_03.wav,child_117_sentence_03.wav,./audio/children/child_048/imitation/child_117_sentence_03.wav,reading_vs_imitation
117,4,child_117_reading_04.wav,./audio/children/child_048/reading/child_117_reading_04.wav,child_117_sentence_04.wav,./audio/children/child_048/imitation/child_117_sentence_04.wav,reading_vs_imitation
117,5,child_117_reading_05.wav,./audio/children/child_048/reading/child_117_reading_05.wav,child_117_sentence_05.wav,./audio/children/child_048/imitation/child_117_sentence_05.wav,reading_vs_imitation
117,6,child_117_reading_06.wav,./audio/children/child_048/reading/child_117_reading_06.wav,child_117_sentence_06.wav,./audio/children/child_048/imitation/child_117_sentence_06.wav,reading_vs_imitation
117,7,child_117_reading_07.wav,./audio/children/child_048/reading/child_117_reading_07.wav,child_117_sentence_07.wav,./audio/children/child_048/imitation/child_117_sentence_07.wav,reading_vs_imitation
117,8,child_117_reading_08.wav,./audio/children/child_048/reading/child_117_reading_08.wav,child_117_sentence_08.wav,./audio/children/child_048/imitation/child_117_sentence_08.wav,reading_vs_imitation
117,9,child_117_reading_09.wav,./audio/children/child_048/reading/child_117_reading_09.wav,child_117_sentence_09.wav,./audio/children/child_048/imitation/child_117_sentence_09.wav,reading_vs_imitation
117,10,child_117_reading_10.wav,./audio/children/child_048/reading/child_117_reading_10.wav,child_117_sentence_10.wav,./audio/children/child_048/imitation/child_117_sentence_10.wav,reading_vs_imitation
117,11,child_117_reading_11.wav,./audio/children/child_048/reading/child_117_reading_11.wav,child_117_sentence_11.wav,./audio/children/child_048/imitation/child_117_sentence_11.wav,reading_vs_imitation
117,12,child_117_reading_12.wav,./audio/children/child_048/reading/child_117_reading_12.wav,child_117_sentence_12.wav,./audio/children/child_048/imitation/child_117_sentence_12.wav,reading_vs_imitation
117,13,child_117_reading_13.wav,./audio/children/child_048/reading/child_117_reading_13.wav,child_117_sentence_13.wav,./audio/children/child_048/imitation/child_117_sentence_13.wav,reading_vs_imitation
117,14,child_117_reading_14.wav,./audio/children/child_048/reading/child_117_reading_14.wav,child_117_sentence_14.wav,./audio/children/child_048/imitation/child_117_sentence_14.wav,reading_vs_imitation
117,15,child_117_reading_15.wav,./audio/children/child_048/reading/child_117_reading_15.wav,child_117_sentence_15.wav,./audio/children/child_048/imitation/child_117_sentence_15.wav,reading_vs_imitation
117,16,child_117_reading_16.wav,./audio/children/child_048/reading/child_117_reading_16.wav,child_117_sentence_16.wav,./audio/children/child_048/imitation/child_117_sentence_16.wav,reading_vs_imitation
117,17,child_117_reading_17.wav,./audio/children/child_048/reading/child_117_reading_17.wav,child_117_sentence_17.wav,./audio/children/child_048/imitation/child_117_sentence_17.wav,reading_vs_imitation
117,18,child_117_reading_18.wav,./audio/children/child_048/reading/child_117_reading_18.wav,child_117_sentence_18.wav,./audio/children/child_048/imitation/child_117_sentence_18.wav,reading_vs_imitation
117,19,child_117_reading_19.wav,./audio/children/child_048/reading/child_117_reading_19.wav,child_117_sentence_19.wav,./audio/children/child_048/imitation/child_117_sentence_19.wav,reading_vs_imitation
117,20,child_117_reading_20.wav,./audio/children/child_048/reading/child_117_reading_20.wav,child_117_sentence_20.wav,./audio/children/child_048/imitation/child_117_sentence_20.wav,reading_vs_imitation
117,21,child_117_reading_21.wav,./audio/children/child_048/reading/child_117_reading_21.wav,child_117_sentence_21.wav,./audio/children/child_048/imitation/child_117_sentence_21.wav,reading_vs_imitation
117,22,child_117_reading_22.wav,./audio/children/child_048/reading/child_117_reading_22.wav,child_117_sentence_22.wav,./audio/children/child_048/imitation/child_117_sentence_22.wav,reading_vs_imitation
117,23,child_117_reading_23.wav,./audio/children/child_048/reading/child_117_reading_23.wav,child_117_sentence_23.wav,./audio/children/child_048/imitation/child_117_sentence_23.wav,reading_vs_imitation
117,24,child_117_reading_24.wav,./audio/children/child_048/reading/child_117_reading_24.wav,child_117_sentence_24.wav,./audio/children/child_048/imitation/child_117_sentence_24.wav,reading_vs_imitation
117,25,child_117_reading_25.wav,./audio/children/child_048/reading/child_117_reading_25.wav,child_117_sentence_25.wav,./audio/children/child_048/imitation/child_117_sentence_25.wav,reading_vs_imitation
117,26,child_117_reading_26.wav,./audio/children/child_048/reading/child_117_reading_26.wav,child_117_sentence_26.wav,./audio/children/child_048/imitation/child_117_sentence_26.wav,reading_vs_imitation
117,27,child_117_reading_27.wav,./audio/children/child_048/reading/child_117_reading_27.wav,child_117_sentence_27.wav,./audio/children/child_048/imitation/child_117_sentence_27.wav,reading_vs_imitation
117,28,child_117_reading_28.wav,./audio/children/child_048/reading/child_117_reading_28.wav,child_117_sentence_28.wav,./audio/children/child_048/imitation/child_117_sentence_28.wav,reading_vs_imitation
117,29,child_117_reading_29.wav,./audio/children/child_048/reading/child_117_reading_29.wav,child_117_sentence_29.wav,./audio/children/child_048/imitation/child_117_sentence_29.wav,reading_vs_imitation
118,1,child_118_reading_01.wav,./audio/children/child_049/reading/child_118_reading_01.wav,child_118_sentence_01.wav,./audio/children/child_049/imitation/child_118_sentence_01.wav,reading_vs_imitation
118,2,child_118_reading_02.wav,./audio/children/child_049/reading/child_118_reading_02.wav,child_118_sentence_02.wav,./audio/children/child_049/imitation/child_118_sentence_02.wav,reading_vs_imitation
118,3,child_118_reading_03.wav,./audio/children/child_049/reading/child_118_reading_03.wav,child_118_sentence_03.wav,./audio/children/child_049/imitation/child_118_sentence_03.wav,reading_vs_imitation
118,4,child_118_reading_04.wav,./audio/children/child_049/reading/child_118_reading_04.wav,child_118_sentence_04.wav,./audio/children/child_049/imitation/child_118_sentence_04.wav,reading_vs_imitation
118,5,child_118_reading_05.wav,./audio/children/child_049/reading/child_118_reading_05.wav,child_118_sentence_05.wav,./audio/children/child_049/imitation/child_118_sentence_05.wav,reading_vs_imitation
118,6,child_118_reading_06.wav,./audio/children/child_049/reading/child_118_reading_06.wav,child_118_sentence_06.wav,./audio/children/child_049/imitation/child_118_sentence_06.wav,reading_vs_imitation
118,7,child_118_reading_07.wav,./audio/children/child_049/reading/child_118_reading_07.wav,child_118_sentence_07.wav,./audio/children/child_049/imitation/child_118_sentence_07.wav,reading_vs_imitation
118,8,child_118_reading_08.wav,./audio/children/child_049/reading/child_118_reading_08.wav,child_118_sentence_08.wav,./audio/children/child_049/imitation/child_118_sentence_08.wav,reading_vs_imitation
118,9,child_118_reading_09.wav,./audio/children/child_049/reading/child_118_reading_09.wav,child_118_sentence_09.wav,./audio/children/child_049/imitation/child_118_sentence_09.wav,reading_vs_imitation
118,10,child_118_reading_10.wav,./audio/children/child_049/reading/child_118_reading_10.wav,child_118_sentence_10.wav,./audio/children/child_049/imitation/child_118_sentence_10.wav,reading_vs_imitation
118,11,child_118_reading_11.wav,./audio/children/child_049/reading/child_118_reading_11.wav,child_118_sentence_11.wav,./audio/children/child_049/imitation/child_118_sentence_11.wav,reading_vs_imitation
118,12,child_118_reading_12.wav,./audio/children/child_049/reading/child_118_reading_12.wav,child_118_sentence_12.wav,./audio/children/child_049/imitation/child_118_sentence_12.wav,reading_vs_imitation
118,13,child_118_reading_13.wav,./audio/children/child_049/reading/child_118_reading_13.wav,child_118_sentence_13.wav,./audio/children/child_049/imitation/child_118_sentence_13.wav,reading_vs_imitation
118,14,child_118_reading_14.wav,./audio/children/child_049/reading/child_118_reading_14.wav,child_118_sentence_14.wav,./audio/children/child_049/imitation/child_118_sentence_14.wav,reading_vs_imitation
118,15,child_118_reading_15.wav,./audio/children/child_049/reading/child_118_reading_15.wav,child_118_sentence_15.wav,./audio/children/child_049/imitation/child_118_sentence_15.wav,reading_vs_imitation
118,16,child_118_reading_16.wav,./audio/children/child_049/reading/child_118_reading_16.wav,child_118_sentence_16.wav,./audio/children/child_049/imitation/child_118_sentence_16.wav,reading_vs_imitation
118,17,child_118_reading_17.wav,./audio/children/child_049/reading/child_118_reading_17.wav,child_118_sentence_17.wav,./audio/children/child_049/imitation/child_118_sentence_17.wav,reading_vs_imitation
118,18,child_118_reading_18.wav,./audio/children/child_049/reading/child_118_reading_18.wav,child_118_sentence_18.wav,./audio/children/child_049/imitation/child_118_sentence_18.wav,reading_vs_imitation
118,19,child_118_reading_19.wav,./audio/children/child_049/reading/child_118_reading_19.wav,child_118_sentence_19.wav,./audio/children/child_049/imitation/child_118_sentence_19.wav,reading_vs_imitation
118,20,child_118_reading_20.wav,./audio/children/child_049/reading/child_118_reading_20.wav,child_118_sentence_20.wav,./audio/children/child_049/imitation/child_118_sentence_20.wav,reading_vs_imitation
118,21,child_118_reading_21.wav,./audio/children/child_049/reading/child_118_reading_21.wav,child_118_sentence_21.wav,./audio/children/child_049/imitation/child_118_sentence_21.wav,reading_vs_imitation
118,22,child_118_reading_22.wav,./audio/children/child_049/reading/child_118_reading_22.wav,child_118_sentence_22.wav,./audio/children/child_049/imitation/child_118_sentence_22.wav,reading_vs_imitation
118,23,child_118_reading_23.wav,./audio/children/child_049/reading/child_118_reading_23.wav,child_118_sentence_23.wav,./audio/children/child_049/imitation/child_118_sentence_23.wav,reading_vs_imitation
118,24,child_118_reading_24.wav,./audio/children/child_049/reading/child_118_reading_24.wav,child_118_sentence_24.wav,./audio/children/child_049/imitation/child_118_sentence_24.wav,reading_vs_imitation
118,25,child_118_reading_25.wav,./audio/children/child_049/reading/child_118_reading_25.wav,child_118_sentence_25.wav,./audio/children/child_049/imitation/child_118_sentence_25.wav,reading_vs_imitation
118,26,child_118_reading_26.wav,./audio/children/child_049/reading/child_118_reading_26.wav,child_118_sentence_26.wav,./audio/children/child_049/imitation/child_118_sentence_26.wav,reading_vs_imitation
118,27,child_118_reading_27.wav,./audio/children/child_049/reading/child_118_reading_27.wav,child_118_sentence_27.wav,./audio/children/child_049/imitation/child_118_sentence_27.wav,reading_vs_imitation
118,28,child_118_reading_28.wav,./audio/children/child_049/reading/child_118_reading_28.wav,child_118_sentence_28.wav,./audio/children/child_049/imitation/child_118_sentence_28.wav,reading_vs_imitation
118,29,child_118_reading_29.wav,./audio/children/child_049/reading/child_118_reading_29.wav,child_118_sentence_29.wav,./audio/children/child_049/imitation/child_118_sentence_29.wav,reading_vs_imitation
119,1,child_119_reading_01.wav,./audio/children/child_050/reading/child_119_reading_01.wav,child_119_sentence_01.wav,./audio/children/child_050/imitation/child_119_sentence_01.wav,reading_vs_imitation
119,2,child_119_reading_02.wav,./audio/children/child_050/reading/child_119_reading_02.wav,child_119_sentence_02.wav,./audio/children/child_050/imitation/child_119_sentence_02.wav,reading_vs_imitation
119,3,child_119_reading_03.wav,./audio/children/child_050/reading/child_119_reading_03.wav,child_119_sentence_03.wav,./audio/children/child_050/imitation/child_119_sentence_03.wav,reading_vs_imitation
119,4,child_119_reading_04.wav,./audio/children/child_050/reading/child_119_reading_04.wav,child_119_sentence_04.wav,./audio/children/child_050/imitation/child_119_sentence_04.wav,reading_vs_imitation
119,5,child_119_reading_05.wav,./audio/children/child_050/reading/child_119_reading_05.wav,child_119_sentence_05.wav,./audio/children/child_050/imitation/child_119_sentence_05.wav,reading_vs_imitation
119,6,child_119_reading_06.wav,./audio/children/child_050/reading/child_119_reading_06.wav,child_119_sentence_06.wav,./audio/children/child_050/imitation/child_119_sentence_06.wav,reading_vs_imitation
119,7,child_119_reading_07.wav,./audio/children/child_050/reading/child_119_reading_07.wav,child_119_sentence_07.wav,./audio/children/child_050/imitation/child_119_sentence_07.wav,reading_vs_imitation
119,8,child_119_reading_08.wav,./audio/children/child_050/reading/child_119_reading_08.wav,child_119_sentence_08.wav,./audio/children/child_050/imitation/child_119_sentence_08.wav,reading_vs_imitation
119,9,child_119_reading_09.wav,./audio/children/child_050/reading/child_119_reading_09.wav,child_119_sentence_09.wav,./audio/children/child_050/imitation/child_119_sentence_09.wav,reading_vs_imitation
119,10,child_119_reading_10.wav,./audio/children/child_050/reading/child_119_reading_10.wav,child_119_sentence_10.wav,./audio/children/child_050/imitation/child_119_sentence_10.wav,reading_vs_imitation
119,11,child_119_reading_11.wav,./audio/children/child_050/reading/child_119_reading_11.wav,child_119_sentence_11.wav,./audio/children/child_050/imitation/child_119_sentence_11.wav,reading_vs_imitation
119,12,child_119_reading_12.wav,./audio/children/child_050/reading/child_119_reading_12.wav,child_119_sentence_12.wav,./audio/children/child_050/imitation/child_119_sentence_12.wav,reading_vs_imitation
119,13,child_119_reading_13.wav,./audio/children/child_050/reading/child_119_reading_13.wav,child_119_sentence_13.wav,./audio/children/child_050/imitation/child_119_sentence_13.wav,reading_vs_imitation
119,14,child_119_reading_14.wav,./audio/children/child_050/reading/child_119_reading_14.wav,child_119_sentence_14.wav,./audio/children/child_050/imitation/child_119_sentence_14.wav,reading_vs_imitation
119,15,child_119_reading_15.wav,./audio/children/child_050/reading/child_119_reading_15.wav,child_119_sentence_15.wav,./audio/children/child_050/imitation/child_119_sentence_15.wav,reading_vs_imitation
119,16,child_119_reading_16.wav,./audio/children/child_050/reading/child_119_reading_16.wav,child_119_sentence_16.wav,./audio/children/child_050/imitation/child_119_sentence_16.wav,reading_vs_imitation
119,17,child_119_reading_17.wav,./audio/children/child_050/reading/child_119_reading_17.wav,child_119_sentence_17.wav,./audio/children/child_050/imitation/child_119_sentence_17.wav,reading_vs_imitation
119,18,child_119_reading_18.wav,./audio/children/child_050/reading/child_119_reading_18.wav,child_119_sentence_18.wav,./audio/children/child_050/imitation/child_119_sentence_18.wav,reading_vs_imitation
119,19,child_119_reading_19.wav,./audio/children/child_050/reading/child_119_reading_19.wav,child_119_sentence_19.wav,./audio/children/child_050/imitation/child_119_sentence_19.wav,reading_vs_imitation
119,20,child_119_reading_20.wav,./audio/children/child_050/reading/child_119_reading_20.wav,child_119_sentence_20.wav,./audio/children/child_050/imitation/child_119_sentence_20.wav,reading_vs_imitation
119,21,child_119_reading_21.wav,./audio/children/child_050/reading/child_119_reading_21.wav,child_119_sentence_21.wav,./audio/children/child_050/imitation/child_119_sentence_21.wav,reading_vs_imitation
119,22,child_119_reading_22.wav,./audio/children/child_050/reading/child_119_reading_22.wav,child_119_sentence_22.wav,./audio/children/child_050/imitation/child_119_sentence_22.wav,reading_vs_imitation
119,23,child_119_reading_23.wav,./audio/children/child_050/reading/child_119_reading_23.wav,child_119_sentence_23.wav,./audio/children/child_050/imitation/child_119_sentence_23.wav,reading_vs_imitation
119,24,child_119_reading_24.wav,./audio/children/child_050/reading/child_119_reading_24.wav,child_119_sentence_24.wav,./audio/children/child_050/imitation/child_119_sentence_24.wav,reading_vs_imitation
119,25,child_119_reading_25.wav,./audio/children/child_050/reading/child_119_reading_25.wav,child_119_sentence_25.wav,./audio/children/child_050/imitation/child_119_sentence_25.wav,reading_vs_imitation
119,26,child_119_reading_26.wav,./audio/children/child_050/reading/child_119_reading_26.wav,child_119_sentence_26.wav,./audio/children/child_050/imitation/child_119_sentence_26.wav,reading_vs_imitation
119,27,child_119_reading_27.wav,./audio/children/child_050/reading/child_119_reading_27.wav,child_119_sentence_27.wav,./audio/children/child_050/imitation/child_119_sentence_27.wav,reading_vs_imitation
119,28,child_119_reading_28.wav,./audio/children/child_050/reading/child_119_reading_28.wav,child_119_sentence_28.wav,./audio/children/child_050/imitation/child_119_sentence_28.wav,reading_vs_imitation
119,29,child_119_reading_29.wav,./audio/children/child_050/reading/child_119_reading_29.wav,child_119_sentence_29.wav,./audio/children/child_050/imitation/child_119_sentence_29.wav,reading_vs_imitation
120,1,child_120_reading_01.wav,./audio/children/child_051/reading/child_120_reading_01.wav,child_120_sentence_01.wav,./audio/children/child_051/imitation/child_120_sentence_01.wav,reading_vs_imitation
120,2,child_120_reading_02.wav,./audio/children/child_051/reading/child_120_reading_02.wav,child_120_sentence_02.wav,./audio/children/child_051/imitation/child_120_sentence_02.wav,reading_vs_imitation
120,3,child_120_reading_03.wav,./audio/children/child_051/reading/child_120_reading_03.wav,child_120_sentence_03.wav,./audio/children/child_051/imitation/child_120_sentence_03.wav,reading_vs_imitation
120,4,child_120_reading_04.wav,./audio/children/child_051/reading/child_120_reading_04.wav,child_120_sentence_04.wav,./audio/children/child_051/imitation/child_120_sentence_04.wav,reading_vs_imitation
120,5,child_120_reading_05.wav,./audio/children/child_051/reading/child_120_reading_05.wav,child_120_sentence_05.wav,./audio/children/child_051/imitation/child_120_sentence_05.wav,reading_vs_imitation
120,6,child_120_reading_06.wav,./audio/children/child_051/reading/child_120_reading_06.wav,child_120_sentence_06.wav,./audio/children/child_051/imitation/child_120_sentence_06.wav,reading_vs_imitation
120,7,child_120_reading_07.wav,./audio/children/child_051/reading/child_120_reading_07.wav,child_120_sentence_07.wav,./audio/children/child_051/imitation/child_120_sentence_07.wav,reading_vs_imitation
120,8,child_120_reading_08.wav,./audio/children/child_051/reading/child_120_reading_08.wav,child_120_sentence_08.wav,./audio/children/child_051/imitation/child_120_sentence_08.wav,reading_vs_imitation
120,9,child_120_reading_09.wav,./audio/children/child_051/reading/child_120_reading_09.wav,child_120_sentence_09.wav,./audio/children/child_051/imitation/child_120_sentence_09.wav,reading_vs_imitation
120,10,child_120_reading_10.wav,./audio/children/child_051/reading/child_120_reading_10.wav,child_120_sentence_10.wav,./audio/children/child_051/imitation/child_120_sentence_10.wav,reading_vs_imitation
120,11,child_120_reading_11.wav,./audio/children/child_051/reading/child_120_reading_11.wav,child_120_sentence_11.wav,./audio/children/child_051/imitation/child_120_sentence_11.wav,reading_vs_imitation
120,12,child_120_reading_12.wav,./audio/children/child_051/reading/child_120_reading_12.wav,child_120_sentence_12.wav,./audio/children/child_051/imitation/child_120_sentence_12.wav,reading_vs_imitation
120,13,child_120_reading_13.wav,./audio/children/child_051/reading/child_120_reading_13.wav,child_120_sentence_13.wav,./audio/children/child_051/imitation/child_120_sentence_13.wav,reading_vs_imitation
120,14,child_120_reading_14.wav,./audio/children/child_051/reading/child_120_reading_14.wav,child_120_sentence_14.wav,./audio/children/child_051/imitation/child_120_sentence_14.wav,reading_vs_imitation
120,15,child_120_reading_15.wav,./audio/children/child_051/reading/child_120_reading_15.wav,child_120_sentence_15.wav,./audio/children/child_051/imitation/child_120_sentence_15.wav,reading_vs_imitation
120,16,child_120_reading_16.wav,./audio/children/child_051/reading/child_120_reading_16.wav,child_120_sentence_16.wav,./audio/children/child_051/imitation/child_120_sentence_16.wav,reading_vs_imitation
120,17,child_120_reading_17.wav,./audio/children/child_051/reading/child_120_reading_17.wav,child_120_sentence_17.wav,./audio/children/child_051/imitation/child_120_sentence_17.wav,reading_vs_imitation
120,18,child_120_reading_18.wav,./audio/children/child_051/reading/child_120_reading_18.wav,child_120_sentence_18.wav,./audio/children/child_051/imitation/child_120_sentence_18.wav,reading_vs_imitation
120,19,child_120_reading_19.wav,./audio/children/child_051/reading/child_120_reading_19.wav,child_120_sentence_19.wav,./audio/children/child_051/imitation/child_120_sentence_19.wav,reading_vs_imitation
120,20,child_120_reading_20.wav,./audio/children/child_051/reading/child_120_reading_20.wav,child_120_sentence_20.wav,./audio/children/child_051/imitation/child_120_sentence_20.wav,reading_vs_imitation
120,21,child_120_reading_21.wav,./audio/children/child_051/reading/child_120_reading_21.wav,child_120_sentence_21.wav,./audio/children/child_051/imitation/child_120_sentence_21.wav,reading_vs_imitation
120,22,child_120_reading_22.wav,./audio/children/child_051/reading/child_120_reading_22.wav,child_120_sentence_22.wav,./audio/children/child_051/imitation/child_120_sentence_22.wav,reading_vs_imitation
120,23,child_120_reading_23.wav,./audio/children/child_051/reading/child_120_reading_23.wav,child_120_sentence_23.wav,./audio/children/child_051/imitation/child_120_sentence_23.wav,reading_vs_imitation
120,24,child_120_reading_24.wav,./audio/children/child_051/reading/child_120_reading_24.wav,child_120_sentence_24.wav,./audio/children/child_051/imitation/child_120_sentence_24.wav,reading_vs_imitation
120,25,child_120_reading_25.wav,./audio/children/child_051/reading/child_120_reading_25.wav,child_120_sentence_25.wav,./audio/children/child_051/imitation/child_120_sentence_25.wav,reading_vs_imitation
120,26,child_120_reading_26.wav,./audio/children/child_051/reading/child_120_reading_26.wav,child_120_sentence_26.wav,./audio/children/child_051/imitation/child_120_sentence_26.wav,reading_vs_imitation
120,27,child_120_reading_27.wav,./audio/children/child_051/reading/child_120_reading_27.wav,child_120_sentence_27.wav,./audio/children/child_051/imitation/child_120_sentence_27.wav,reading_vs_imitation
120,28,child_120_reading_28.wav,./audio/children/child_051/reading/child_120_reading_28.wav,child_120_sentence_28.wav,./audio/children/child_051/imitation/child_120_sentence_28.wav,reading_vs_imitation
120,29,child_120_reading_29.wav,./audio/children/child_051/reading/child_120_reading_29.wav,child_120_sentence_29.wav,./audio/children/child_051/imitation/child_120_sentence_29.wav,reading_vs_imitation
121,1,child_121_reading_01.wav,./audio/children/child_052/reading/child_121_reading_01.wav,child_121_sentence_01.wav,./audio/children/child_052/imitation/child_121_sentence_01.wav,reading_vs_imitation
121,2,child_121_reading_02.wav,./audio/children/child_052/reading/child_121_reading_02.wav,child_121_sentence_02.wav,./audio/children/child_052/imitation/child_121_sentence_02.wav,reading_vs_imitation
121,3,child_121_reading_03.wav,./audio/children/child_052/reading/child_121_reading_03.wav,child_121_sentence_03.wav,./audio/children/child_052/imitation/child_121_sentence_03.wav,reading_vs_imitation
121,4,child_121_reading_04.wav,./audio/children/child_052/reading/child_121_reading_04.wav,child_121_sentence_04.wav,./audio/children/child_052/imitation/child_121_sentence_04.wav,reading_vs_imitation
121,5,child_121_reading_05.wav,./audio/children/child_052/reading/child_121_reading_05.wav,child_121_sentence_05.wav,./audio/children/child_052/imitation/child_121_sentence_05.wav,reading_vs_imitation
121,6,child_121_reading_06.wav,./audio/children/child_052/reading/child_121_reading_06.wav,child_121_sentence_06.wav,./audio/children/child_052/imitation/child_121_sentence_06.wav,reading_vs_imitation
121,7,child_121_reading_07.wav,./audio/children/child_052/reading/child_121_reading_07.wav,child_121_sentence_07.wav,./audio/children/child_052/imitation/child_121_sentence_07.wav,reading_vs_imitation
121,8,child_121_reading_08.wav,./audio/children/child_052/reading/child_121_reading_08.wav,child_121_sentence_08.wav,./audio/children/child_052/imitation/child_121_sentence_08.wav,reading_vs_imitation
121,9,child_121_reading_09.wav,./audio/children/child_052/reading/child_121_reading_09.wav,child_121_sentence_09.wav,./audio/children/child_052/imitation/child_121_sentence_09.wav,reading_vs_imitation
121,10,child_121_reading_10.wav,./audio/children/child_052/reading/child_121_reading_10.wav,child_121_sentence_10.wav,./audio/children/child_052/imitation/child_121_sentence_10.wav,reading_vs_imitation
121,11,child_121_reading_11.wav,./audio/children/child_052/reading/child_121_reading_11.wav,child_121_sentence_11.wav,./audio/children/child_052/imitation/child_121_sentence_11.wav,reading_vs_imitation
121,12,child_121_reading_12.wav,./audio/children/child_052/reading/child_121_reading_12.wav,child_121_sentence_12.wav,./audio/children/child_052/imitation/child_121_sentence_12.wav,reading_vs_imitation
121,13,child_121_reading_13.wav,./audio/children/child_052/reading/child_121_reading_13.wav,child_121_sentence_13.wav,./audio/children/child_052/imitation/child_121_sentence_13.wav,reading_vs_imitation
121,14,child_121_reading_14.wav,./audio/children/child_052/reading/child_121_reading_14.wav,child_121_sentence_14.wav,./audio/children/child_052/imitation/child_121_sentence_14.wav,reading_vs_imitation
121,15,child_121_reading_15.wav,./audio/children/child_052/reading/child_121_reading_15.wav,child_121_sentence_15.wav,./audio/children/child_052/imitation/child_121_sentence_15.wav,reading_vs_imitation
121,16,child_121_reading_16.wav,./audio/children/child_052/reading/child_121_reading_16.wav,child_121_sentence_16.wav,./audio/children/child_052/imitation/child_121_sentence_16.wav,reading_vs_imitation
121,17,child_121_reading_17.wav,./audio/children/child_052/reading/child_121_reading_17.wav,child_121_sentence_17.wav,./audio/children/child_052/imitation/child_121_sentence_17.wav,reading_vs_imitation
121,18,child_121_reading_18.wav,./audio/children/child_052/reading/child_121_reading_18.wav,child_121_sentence_18.wav,./audio/children/child_052/imitation/child_121_sentence_18.wav,reading_vs_imitation
121,19,child_121_reading_19.wav,./audio/children/child_052/reading/child_121_reading_19.wav,child_121_sentence_19.wav,./audio/children/child_052/imitation/child_121_sentence_19.wav,reading_vs_imitation
121,20,child_121_reading_20.wav,./audio/children/child_052/reading/child_121_reading_20.wav,child_121_sentence_20.wav,./audio/children/child_052/imitation/child_121_sentence_20.wav,reading_vs_imitation
121,21,child_121_reading_21.wav,./audio/children/child_052/reading/child_121_reading_21.wav,child_121_sentence_21.wav,./audio/children/child_052/imitation/child_121_sentence_21.wav,reading_vs_imitation
121,22,child_121_reading_22.wav,./audio/children/child_052/reading/child_121_reading_22.wav,child_121_sentence_22.wav,./audio/children/child_052/imitation/child_121_sentence_22.wav,reading_vs_imitation
121,23,child_121_reading_23.wav,./audio/children/child_052/reading/child_121_reading_23.wav,child_121_sentence_23.wav,./audio/children/child_052/imitation/child_121_sentence_23.wav,reading_vs_imitation
121,24,child_121_reading_24.wav,./audio/children/child_052/reading/child_121_reading_24.wav,child_121_sentence_24.wav,./audio/children/child_052/imitation/child_121_sentence_24.wav,reading_vs_imitation
121,25,child_121_reading_25.wav,./audio/children/child_052/reading/child_121_reading_25.wav,child_121_sentence_25.wav,./audio/children/child_052/imitation/child_121_sentence_25.wav,reading_vs_imitation
121,26,child_121_reading_26.wav,./audio/children/child_052/reading/child_121_reading_26.wav,child_121_sentence_26.wav,./audio/children/child_052/imitation/child_121_sentence_26.wav,reading_vs_imitation
121,27,child_121_reading_27.wav,./audio/children/child_052/reading/child_121_reading_27.wav,child_121_sentence_27.wav,./audio/children/child_052/imitation/child_121_sentence_27.wav,reading_vs_imitation
121,28,child_121_reading_28.wav,./audio/children/child_052/reading/child_121_reading_28.wav,child_121_sentence_28.wav,./audio/children/child_052/imitation/child_121_sentence_28.wav,reading_vs_imitation
121,29,child_121_reading_29.wav,./audio/children/child_052/reading/child_121_reading_29.wav,child_121_sentence_29.wav,./audio/children/child_052/imitation/child_121_sentence_29.wav,reading_vs_imitation
122,1,child_122_reading_01.wav,./audio/children/child_053/reading/child_122_reading_01.wav,child_122_sentence_01.wav,./audio/children/child_053/imitation/child_122_sentence_01.wav,reading_vs_imitation
122,2,child_122_reading_02.wav,./audio/children/child_053/reading/child_122_reading_02.wav,child_122_sentence_02.wav,./audio/children/child_053/imitation/child_122_sentence_02.wav,reading_vs_imitation
122,3,child_122_reading_03.wav,./audio/children/child_053/reading/child_122_reading_03.wav,child_122_sentence_03.wav,./audio/children/child_053/imitation/child_122_sentence_03.wav,reading_vs_imitation
122,4,child_122_reading_04.wav,./audio/children/child_053/reading/child_122_reading_04.wav,child_122_sentence_04.wav,./audio/children/child_053/imitation/child_122_sentence_04.wav,reading_vs_imitation
122,5,child_122_reading_05.wav,./audio/children/child_053/reading/child_122_reading_05.wav,child_122_sentence_05.wav,./audio/children/child_053/imitation/child_122_sentence_05.wav,reading_vs_imitation
122,6,child_122_reading_06.wav,./audio/children/child_053/reading/child_122_reading_06.wav,child_122_sentence_06.wav,./audio/children/child_053/imitation/child_122_sentence_06.wav,reading_vs_imitation
122,7,child_122_reading_07.wav,./audio/children/child_053/reading/child_122_reading_07.wav,child_122_sentence_07.wav,./audio/children/child_053/imitation/child_122_sentence_07.wav,reading_vs_imitation
122,8,child_122_reading_08.wav,./audio/children/child_053/reading/child_122_reading_08.wav,child_122_sentence_08.wav,./audio/children/child_053/imitation/child_122_sentence_08.wav,reading_vs_imitation
122,9,child_122_reading_09.wav,./audio/children/child_053/reading/child_122_reading_09.wav,child_122_sentence_09.wav,./audio/children/child_053/imitation/child_122_sentence_09.wav,reading_vs_imitation
122,10,child_122_reading_10.wav,./audio/children/child_053/reading/child_122_reading_10.wav,child_122_sentence_10.wav,./audio/children/child_053/imitation/child_122_sentence_10.wav,reading_vs_imitation
122,11,child_122_reading_11.wav,./audio/children/child_053/reading/child_122_reading_11.wav,child_122_sentence_11.wav,./audio/children/child_053/imitation/child_122_sentence_11.wav,reading_vs_imitation
122,12,child_122_reading_12.wav,./audio/children/child_053/reading/child_122_reading_12.wav,child_122_sentence_12.wav,./audio/children/child_053/imitation/child_122_sentence_12.wav,reading_vs_imitation
122,13,child_122_reading_13.wav,./audio/children/child_053/reading/child_122_reading_13.wav,child_122_sentence_13.wav,./audio/children/child_053/imitation/child_122_sentence_13.wav,reading_vs_imitation
122,14,child_122_reading_14.wav,./audio/children/child_053/reading/child_122_reading_14.wav,child_122_sentence_14.wav,./audio/children/child_053/imitation/child_122_sentence_14.wav,reading_vs_imitation
122,15,child_122_reading_15.wav,./audio/children/child_053/reading/child_122_reading_15.wav,child_122_sentence_15.wav,./audio/children/child_053/imitation/child_122_sentence_15.wav,reading_vs_imitation
122,16,child_122_reading_16.wav,./audio/children/child_053/reading/child_122_reading_16.wav,child_122_sentence_16.wav,./audio/children/child_053/imitation/child_122_sentence_16.wav,reading_vs_imitation
122,17,child_122_reading_17.wav,./audio/children/child_053/reading/child_122_reading_17.wav,child_122_sentence_17.wav,./audio/children/child_053/imitation/child_122_sentence_17.wav,reading_vs_imitation
122,18,child_122_reading_18.wav,./audio/children/child_053/reading/child_122_reading_18.wav,child_122_sentence_18.wav,./audio/children/child_053/imitation/child_122_sentence_18.wav,reading_vs_imitation
122,19,child_122_reading_19.wav,./audio/children/child_053/reading/child_122_reading_19.wav,child_122_sentence_19.wav,./audio/children/child_053/imitation/child_122_sentence_19.wav,reading_vs_imitation
122,20,child_122_reading_20.wav,./audio/children/child_053/reading/child_122_reading_20.wav,child_122_sentence_20.wav,./audio/children/child_053/imitation/child_122_sentence_20.wav,reading_vs_imitation
122,21,child_122_reading_21.wav,./audio/children/child_053/reading/child_122_reading_21.wav,child_122_sentence_21.wav,./audio/children/child_053/imitation/child_122_sentence_21.wav,reading_vs_imitation
122,22,child_122_reading_22.wav,./audio/children/child_053/reading/child_122_reading_22.wav,child_122_sentence_22.wav,./audio/children/child_053/imitation/child_122_sentence_22.wav,reading_vs_imitation
122,23,child_122_reading_23.wav,./audio/children/child_053/reading/child_122_reading_23.wav,child_122_sentence_23.wav,./audio/children/child_053/imitation/child_122_sentence_23.wav,reading_vs_imitation
122,24,child_122_reading_24.wav,./audio/children/child_053/reading/child_122_reading_24.wav,child_122_sentence_24.wav,./audio/children/child_053/imitation/child_122_sentence_24.wav,reading_vs_imitation
122,25,child_122_reading_25.wav,./audio/children/child_053/reading/child_122_reading_25.wav,child_122_sentence_25.wav,./audio/children/child_053/imitation/child_122_sentence_25.wav,reading_vs_imitation
122,26,child_122_reading_26.wav,./audio/children/child_053/reading/child_122_reading_26.wav,child_122_sentence_26.wav,./audio/children/child_053/imitation/child_122_sentence_26.wav,reading_vs_imitation
122,27,child_122_reading_27.wav,./audio/children/child_053/reading/child_122_reading_27.wav,child_122_sentence_27.wav,./audio/children/child_053/imitation/child_122_sentence_27.wav,reading_vs_imitation
122,28,child_122_reading_28.wav,./audio/children/child_053/reading/child_122_reading_28.wav,child_122_sentence_28.wav,./audio/children/child_053/imitation/child_122_sentence_28.wav,reading_vs_imitation
122,29,child_122_reading_29.wav,./audio/children/child_053/reading/child_122_reading_29.wav,child_122_sentence_29.wav,./audio/children/child_053/imitation/child_122_sentence_29.wav,reading_vs_imitation
123,1,child_123_reading_01.wav,./audio/children/child_054/reading/child_123_reading_01.wav,child_123_sentence_01.wav,./audio/children/child_054/imitation/child_123_sentence_01.wav,reading_vs_imitation
123,2,child_123_reading_02.wav,./audio/children/child_054/reading/child_123_reading_02.wav,child_123_sentence_02.wav,./audio/children/child_054/imitation/child_123_sentence_02.wav,reading_vs_imitation
123,3,child_123_reading_03.wav,./audio/children/child_054/reading/child_123_reading_03.wav,child_123_sentence_03.wav,./audio/children/child_054/imitation/child_123_sentence_03.wav,reading_vs_imitation
123,4,child_123_reading_04.wav,./audio/children/child_054/reading/child_123_reading_04.wav,child_123_sentence_04.wav,./audio/children/child_054/imitation/child_123_sentence_04.wav,reading_vs_imitation
123,5,child_123_reading_05.wav,./audio/children/child_054/reading/child_123_reading_05.wav,child_123_sentence_05.wav,./audio/children/child_054/imitation/child_123_sentence_05.wav,reading_vs_imitation
123,6,child_123_reading_06.wav,./audio/children/child_054/reading/child_123_reading_06.wav,child_123_sentence_06.wav,./audio/children/child_054/imitation/child_123_sentence_06.wav,reading_vs_imitation
123,7,child_123_reading_07.wav,./audio/children/child_054/reading/child_123_reading_07.wav,child_123_sentence_07.wav,./audio/children/child_054/imitation/child_123_sentence_07.wav,reading_vs_imitation
123,8,child_123_reading_08.wav,./audio/children/child_054/reading/child_123_reading_08.wav,child_123_sentence_08.wav,./audio/children/child_054/imitation/child_123_sentence_08.wav,reading_vs_imitation
123,9,child_123_reading_09.wav,./audio/children/child_054/reading/child_123_reading_09.wav,child_123_sentence_09.wav,./audio/children/child_054/imitation/child_123_sentence_09.wav,reading_vs_imitation
123,10,child_123_reading_10.wav,./audio/children/child_054/reading/child_123_reading_10.wav,child_123_sentence_10.wav,./audio/children/child_054/imitation/child_123_sentence_10.wav,reading_vs_imitation
123,11,child_123_reading_11.wav,./audio/children/child_054/reading/child_123_reading_11.wav,child_123_sentence_11.wav,./audio/children/child_054/imitation/child_123_sentence_11.wav,reading_vs_imitation
123,12,child_123_reading_12.wav,./audio/children/child_054/reading/child_123_reading_12.wav,child_123_sentence_12.wav,./audio/children/child_054/imitation/child_123_sentence_12.wav,reading_vs_imitation
123,13,child_123_reading_13.wav,./audio/children/child_054/reading/child_123_reading_13.wav,child_123_sentence_13.wav,./audio/children/child_054/imitation/child_123_sentence_13.wav,reading_vs_imitation
123,14,child_123_reading_14.wav,./audio/children/child_054/reading/child_123_reading_14.wav,child_123_sentence_14.wav,./audio/children/child_054/imitation/child_123_sentence_14.wav,reading_vs_imitation
123,15,child_123_reading_15.wav,./audio/children/child_054/reading/child_123_reading_15.wav,child_123_sentence_15.wav,./audio/children/child_054/imitation/child_123_sentence_15.wav,reading_vs_imitation
123,16,child_123_reading_16.wav,./audio/children/child_054/reading/child_123_reading_16.wav,child_123_sentence_16.wav,./audio/children/child_054/imitation/child_123_sentence_16.wav,reading_vs_imitation
123,17,child_123_reading_17.wav,./audio/children/child_054/reading/child_123_reading_17.wav,child_123_sentence_17.wav,./audio/children/child_054/imitation/child_123_sentence_17.wav,reading_vs_imitation
123,18,child_123_reading_18.wav,./audio/children/child_054/reading/child_123_reading_18.wav,child_123_sentence_18.wav,./audio/children/child_054/imitation/child_123_sentence_18.wav,reading_vs_imitation
123,19,child_123_reading_19.wav,./audio/children/child_054/reading/child_123_reading_19.wav,child_123_sentence_19.wav,./audio/children/child_054/imitation/child_123_sentence_19.wav,reading_vs_imitation
123,20,child_123_reading_20.wav,./audio/children/child_054/reading/child_123_reading_20.wav,child_123_sentence_20.wav,./audio/children/child_054/imitation/child_123_sentence_20.wav,reading_vs_imitation
123,21,child_123_reading_21.wav,./audio/children/child_054/reading/child_123_reading_21.wav,child_123_sentence_21.wav,./audio/children/child_054/imitation/child_123_sentence_21.wav,reading_vs_imitation
123,22,child_123_reading_22.wav,./audio/children/child_054/reading/child_123_reading_22.wav,child_123_sentence_22.wav,./audio/children/child_054/imitation/child_123_sentence_22.wav,reading_vs_imitation
123,23,child_123_reading_23.wav,./audio/children/child_054/reading/child_123_reading_23.wav,child_123_sentence_23.wav,./audio/children/child_054/imitation/child_123_sentence_23.wav,reading_vs_imitation
123,24,child_123_reading_24.wav,./audio/children/child_054/reading/child_123_reading_24.wav,child_123_sentence_24.wav,./audio/children/child_054/imitation/child_123_sentence_24.wav,reading_vs_imitation
123,25,child_123_reading_25.wav,./audio/children/child_054/reading/child_123_reading_25.wav,child_123_sentence_25.wav,./audio/children/child_054/imitation/child_123_sentence_25.wav,reading_vs_imitation
123,26,child_123_reading_26.wav,./audio/children/child_054/reading/child_123_reading_26.wav,child_123_sentence_26.wav,./audio/children/child_054/imitation/child_123_sentence_26.wav,reading_vs_imitation
123,27,child_123_reading_27.wav,./audio/children/child_054/reading/child_123_reading_27.wav,child_123_sentence_27.wav,./audio/children/child_054/imitation/child_123_sentence_27.wav,reading_vs_imitation
123,28,child_123_reading_28.wav,./audio/children/child_054/reading/child_123_reading_28.wav,child_123_sentence_28.wav,./audio/children/child_054/imitation/child_123_sentence_28.wav,reading_vs_imitation
123,29,child_123_reading_29.wav,./audio/children/child_054/reading/child_123_reading_29.wav,child_123_sentence_29.wav,./audio/children/child_054/imitation/child_123_sentence_29.wav,reading_vs_imitation
124,1,child_124_reading_01.wav,./audio/children/child_055/reading/child_124_reading_01.wav,child_124_sentence_01.wav,./audio/children/child_055/imitation/child_124_sentence_01.wav,reading_vs_imitation
124,2,child_124_reading_02.wav,./audio/children/child_055/reading/child_124_reading_02.wav,child_124_sentence_02.wav,./audio/children/child_055/imitation/child_124_sentence_02.wav,reading_vs_imitation
124,3,child_124_reading_03.wav,./audio/children/child_055/reading/child_124_reading_03.wav,child_124_sentence_03.wav,./audio/children/child_055/imitation/child_124_sentence_03.wav,reading_vs_imitation
124,4,child_124_reading_04.wav,./audio/children/child_055/reading/child_124_reading_04.wav,child_124_sentence_04.wav,./audio/children/child_055/imitation/child_124_sentence_04.wav,reading_vs_imitation
124,5,child_124_reading_05.wav,./audio/children/child_055/reading/child_124_reading_05.wav,child_124_sentence_05.wav,./audio/children/child_055/imitation/child_124_sentence_05.wav,reading_vs_imitation
124,6,child_124_reading_06.wav,./audio/children/child_055/reading/child_124_reading_06.wav,child_124_sentence_06.wav,./audio/children/child_055/imitation/child_124_sentence_06.wav,reading_vs_imitation
124,7,child_124_reading_07.wav,./audio/children/child_055/reading/child_124_reading_07.wav,child_124_sentence_07.wav,./audio/children/child_055/imitation/child_124_sentence_07.wav,reading_vs_imitation
124,8,child_124_reading_08.wav,./audio/children/child_055/reading/child_124_reading_08.wav,child_124_sentence_08.wav,./audio/children/child_055/imitation/child_124_sentence_08.wav,reading_vs_imitation
124,9,child_124_reading_09.wav,./audio/children/child_055/reading/child_124_reading_09.wav,child_124_sentence_09.wav,./audio/children/child_055/imitation/child_124_sentence_09.wav,reading_vs_imitation
124,10,child_124_reading_10.wav,./audio/children/child_055/reading/child_124_reading_10.wav,child_124_sentence_10.wav,./audio/children/child_055/imitation/child_124_sentence_10.wav,reading_vs_imitation
124,11,child_124_reading_11.wav,./audio/children/child_055/reading/child_124_reading_11.wav,child_124_sentence_11.wav,./audio/children/child_055/imitation/child_124_sentence_11.wav,reading_vs_imitation
124,12,child_124_reading_12.wav,./audio/children/child_055/reading/child_124_reading_12.wav,child_124_sentence_12.wav,./audio/children/child_055/imitation/child_124_sentence_12.wav,reading_vs_imitation
124,13,child_124_reading_13.wav,./audio/children/child_055/reading/child_124_reading_13.wav,child_124_sentence_13.wav,./audio/children/child_055/imitation/child_124_sentence_13.wav,reading_vs_imitation
124,14,child_124_reading_14.wav,./audio/children/child_055/reading/child_124_reading_14.wav,child_124_sentence_14.wav,./audio/children/child_055/imitation/child_124_sentence_14.wav,reading_vs_imitation
124,15,child_124_reading_15.wav,./audio/children/child_055/reading/child_124_reading_15.wav,child_124_sentence_15.wav,./audio/children/child_055/imitation/child_124_sentence_15.wav,reading_vs_imitation
124,16,child_124_reading_16.wav,./audio/children/child_055/reading/child_124_reading_16.wav,child_124_sentence_16.wav,./audio/children/child_055/imitation/child_124_sentence_16.wav,reading_vs_imitation
124,17,child_124_reading_17.wav,./audio/children/child_055/reading/child_124_reading_17.wav,child_124_sentence_17.wav,./audio/children/child_055/imitation/child_124_sentence_17.wav,reading_vs_imitation
124,18,child_124_reading_18.wav,./audio/children/child_055/reading/child_124_reading_18.wav,child_124_sentence_18.wav,./audio/children/child_055/imitation/child_124_sentence_18.wav,reading_vs_imitation
124,19,child_124_reading_19.wav,./audio/children/child_055/reading/child_124_reading_19.wav,child_124_sentence_19.wav,./audio/children/child_055/imitation/child_124_sentence_19.wav,reading_vs_imitation
124,20,child_124_reading_20.wav,./audio/children/child_055/reading/child_124_reading_20.wav,child_124_sentence_20.wav,./audio/children/child_055/imitation/child_124_sentence_20.wav,reading_vs_imitation
124,21,child_124_reading_21.wav,./audio/children/child_055/reading/child_124_reading_21.wav,child_124_sentence_21.wav,./audio/children/child_055/imitation/child_124_sentence_21.wav,reading_vs_imitation
124,22,child_124_reading_22.wav,./audio/children/child_055/reading/child_124_reading_22.wav,child_124_sentence_22.wav,./audio/children/child_055/imitation/child_124_sentence_22.wav,reading_vs_imitation
124,23,child_124_reading_23.wav,./audio/children/child_055/reading/child_124_reading_23.wav,child_124_sentence_23.wav,./audio/children/child_055/imitation/child_124_sentence_23.wav,reading_vs_imitation
124,24,child_124_reading_24.wav,./audio/children/child_055/reading/child_124_reading_24.wav,child_124_sentence_24.wav,./audio/children/child_055/imitation/child_124_sentence_24.wav,reading_vs_imitation
124,25,child_124_reading_25.wav,./audio/children/child_055/reading/child_124_reading_25.wav,child_124_sentence_25.wav,./audio/children/child_055/imitation/child_124_sentence_25.wav,reading_vs_imitation
124,26,child_124_reading_26.wav,./audio/children/child_055/reading/child_124_reading_26.wav,child_124_sentence_26.wav,./audio/children/child_055/imitation/child_124_sentence_26.wav,reading_vs_imitation
124,27,child_124_reading_27.wav,./audio/children/child_055/reading/child_124_reading_27.wav,child_124_sentence_27.wav,./audio/children/child_055/imitation/child_124_sentence_27.wav,reading_vs_imitation
124,28,child_124_reading_28.wav,./audio/children/child_055/reading/child_124_reading_28.wav,child_124_sentence_28.wav,./audio/children/child_055/imitation/child_124_sentence_28.wav,reading_vs_imitation
124,29,child_124_reading_29.wav,./audio/children/child_055/reading/child_124_reading_29.wav,child_124_sentence_29.wav,./audio/children/child_055/imitation/child_124_sentence_29.wav,reading_vs_imitation
125,1,child_125_reading_01.wav,./audio/children/child_056/reading/child_125_reading_01.wav,child_125_sentence_01.wav,./audio/children/child_056/imitation/child_125_sentence_01.wav,reading_vs_imitation
125,2,child_125_reading_02.wav,./audio/children/child_056/reading/child_125_reading_02.wav,child_125_sentence_02.wav,./audio/children/child_056/imitation/child_125_sentence_02.wav,reading_vs_imitation
125,3,child_125_reading_03.wav,./audio/children/child_056/reading/child_125_reading_03.wav,child_125_sentence_03.wav,./audio/children/child_056/imitation/child_125_sentence_03.wav,reading_vs_imitation
125,4,child_125_reading_04.wav,./audio/children/child_056/reading/child_125_reading_04.wav,child_125_sentence_04.wav,./audio/children/child_056/imitation/child_125_sentence_04.wav,reading_vs_imitation
125,5,child_125_reading_05.wav,./audio/children/child_056/reading/child_125_reading_05.wav,child_125_sentence_05.wav,./audio/children/child_056/imitation/child_125_sentence_05.wav,reading_vs_imitation
125,6,child_125_reading_06.wav,./audio/children/child_056/reading/child_125_reading_06.wav,child_125_sentence_06.wav,./audio/children/child_056/imitation/child_125_sentence_06.wav,reading_vs_imitation
125,7,child_125_reading_07.wav,./audio/children/child_056/reading/child_125_reading_07.wav,child_125_sentence_07.wav,./audio/children/child_056/imitation/child_125_sentence_07.wav,reading_vs_imitation
125,8,child_125_reading_08.wav,./audio/children/child_056/reading/child_125_reading_08.wav,child_125_sentence_08.wav,./audio/children/child_056/imitation/child_125_sentence_08.wav,reading_vs_imitation
125,9,child_125_reading_09.wav,./audio/children/child_056/reading/child_125_reading_09.wav,child_125_sentence_09.wav,./audio/children/child_056/imitation/child_125_sentence_09.wav,reading_vs_imitation
125,10,child_125_reading_10.wav,./audio/children/child_056/reading/child_125_reading_10.wav,child_125_sentence_10.wav,./audio/children/child_056/imitation/child_125_sentence_10.wav,reading_vs_imitation
125,11,child_125_reading_11.wav,./audio/children/child_056/reading/child_125_reading_11.wav,child_125_sentence_11.wav,./audio/children/child_056/imitation/child_125_sentence_11.wav,reading_vs_imitation
125,12,child_125_reading_12.wav,./audio/children/child_056/reading/child_125_reading_12.wav,child_125_sentence_12.wav,./audio/children/child_056/imitation/child_125_sentence_12.wav,reading_vs_imitation
125,13,child_125_reading_13.wav,./audio/children/child_056/reading/child_125_reading_13.wav,child_125_sentence_13.wav,./audio/children/child_056/imitation/child_125_sentence_13.wav,reading_vs_imitation
125,14,child_125_reading_14.wav,./audio/children/child_056/reading/child_125_reading_14.wav,child_125_sentence_14.wav,./audio/children/child_056/imitation/child_125_sentence_14.wav,reading_vs_imitation
125,15,child_125_reading_15.wav,./audio/children/child_056/reading/child_125_reading_15.wav,child_125_sentence_15.wav,./audio/children/child_056/imitation/child_125_sentence_15.wav,reading_vs_imitation
125,16,child_125_reading_16.wav,./audio/children/child_056/reading/child_125_reading_16.wav,child_125_sentence_16.wav,./audio/children/child_056/imitation/child_125_sentence_16.wav,reading_vs_imitation
125,17,child_125_reading_17.wav,./audio/children/child_056/reading/child_125_reading_17.wav,child_125_sentence_17.wav,./audio/children/child_056/imitation/child_125_sentence_17.wav,reading_vs_imitation
125,18,child_125_reading_18.wav,./audio/children/child_056/reading/child_125_reading_18.wav,child_125_sentence_18.wav,./audio/children/child_056/imitation/child_125_sentence_18.wav,reading_vs_imitation
125,19,child_125_reading_19.wav,./audio/children/child_056/reading/child_125_reading_19.wav,child_125_sentence_19.wav,./audio/children/child_056/imitation/child_125_sentence_19.wav,reading_vs_imitation
125,20,child_125_reading_20.wav,./audio/children/child_056/reading/child_125_reading_20.wav,child_125_sentence_20.wav,./audio/children/child_056/imitation/child_125_sentence_20.wav,reading_vs_imitation
125,21,child_125_reading_21.wav,./audio/children/child_056/reading/child_125_reading_21.wav,child_125_sentence_21.wav,./audio/children/child_056/imitation/child_125_sentence_21.wav,reading_vs_imitation
125,22,child_125_reading_22.wav,./audio/children/child_056/reading/child_125_reading_22.wav,child_125_sentence_22.wav,./audio/children/child_056/imitation/child_125_sentence_22.wav,reading_vs_imitation
125,23,child_125_reading_23.wav,./audio/children/child_056/reading/child_125_reading_23.wav,child_125_sentence_23.wav,./audio/children/child_056/imitation/child_125_sentence_23.wav,reading_vs_imitation
125,24,child_125_reading_24.wav,./audio/children/child_056/reading/child_125_reading_24.wav,child_125_sentence_24.wav,./audio/children/child_056/imitation/child_125_sentence_24.wav,reading_vs_imitation
125,25,child_125_reading_25.wav,./audio/children/child_056/reading/child_125_reading_25.wav,child_125_sentence_25.wav,./audio/children/child_056/imitation/child_125_sentence_25.wav,reading_vs_imitation
125,26,child_125_reading_26.wav,./audio/children/child_056/reading/child_125_reading_26.wav,child_125_sentence_26.wav,./audio/children/child_056/imitation/child_125_sentence_26.wav,reading_vs_imitation
125,27,child_125_reading_27.wav,./audio/children/child_056/reading/child_125_reading_27.wav,child_125_sentence_27.wav,./audio/children/child_056/imitation/child_125_sentence_27.wav,reading_vs_imitation
125,28,child_125_reading_28.wav,./audio/children/child_056/reading/child_125_reading_28.wav,child_125_sentence_28.wav,./audio/children/child_056/imitation/child_125_sentence_28.wav,reading_vs_imitation
125,29,child_125_reading_29.wav,./audio/children/child_056/reading/child_125_reading_29.wav,child_125_sentence_29.wav,./audio/children/child_056/imitation/child_125_sentence_29.wav,reading_vs_imitation
126,1,child_126_reading_01.wav,./audio/children/child_057/reading/child_126_reading_01.wav,child_126_sentence_01.wav,./audio/children/child_057/imitation/child_126_sentence_01.wav,reading_vs_imitation
126,2,child_126_reading_02.wav,./audio/children/child_057/reading/child_126_reading_02.wav,child_126_sentence_02.wav,./audio/children/child_057/imitation/child_126_sentence_02.wav,reading_vs_imitation
126,3,child_126_reading_03.wav,./audio/children/child_057/reading/child_126_reading_03.wav,child_126_sentence_03.wav,./audio/children/child_057/imitation/child_126_sentence_03.wav,reading_vs_imitation
126,4,child_126_reading_04.wav,./audio/children/child_057/reading/child_126_reading_04.wav,child_126_sentence_04.wav,./audio/children/child_057/imitation/child_126_sentence_04.wav,reading_vs_imitation
126,5,child_126_reading_05.wav,./audio/children/child_057/reading/child_126_reading_05.wav,child_126_sentence_05.wav,./audio/children/child_057/imitation/child_126_sentence_05.wav,reading_vs_imitation
126,6,child_126_reading_06.wav,./audio/children/child_057/reading/child_126_reading_06.wav,child_126_sentence_06.wav,./audio/children/child_057/imitation/child_126_sentence_06.wav,reading_vs_imitation
126,7,child_126_reading_07.wav,./audio/children/child_057/reading/child_126_reading_07.wav,child_126_sentence_07.wav,./audio/children/child_057/imitation/child_126_sentence_07.wav,reading_vs_imitation
126,8,child_126_reading_08.wav,./audio/children/child_057/reading/child_126_reading_08.wav,child_126_sentence_08.wav,./audio/children/child_057/imitation/child_126_sentence_08.wav,reading_vs_imitation
126,9,child_126_reading_09.wav,./audio/children/child_057/reading/child_126_reading_09.wav,child_126_sentence_09.wav,./audio/children/child_057/imitation/child_126_sentence_09.wav,reading_vs_imitation
126,10,child_126_reading_10.wav,./audio/children/child_057/reading/child_126_reading_10.wav,child_126_sentence_10.wav,./audio/children/child_057/imitation/child_126_sentence_10.wav,reading_vs_imitation
126,11,child_126_reading_11.wav,./audio/children/child_057/reading/child_126_reading_11.wav,child_126_sentence_11.wav,./audio/children/child_057/imitation/child_126_sentence_11.wav,reading_vs_imitation
126,12,child_126_reading_12.wav,./audio/children/child_057/reading/child_126_reading_12.wav,child_126_sentence_12.wav,./audio/children/child_057/imitation/child_126_sentence_12.wav,reading_vs_imitation
126,13,child_126_reading_13.wav,./audio/children/child_057/reading/child_126_reading_13.wav,child_126_sentence_13.wav,./audio/children/child_057/imitation/child_126_sentence_13.wav,reading_vs_imitation
126,14,child_126_reading_14.wav,./audio/children/child_057/reading/child_126_reading_14.wav,child_126_sentence_14.wav,./audio/children/child_057/imitation/child_126_sentence_14.wav,reading_vs_imitation
126,15,child_126_reading_15.wav,./audio/children/child_057/reading/child_126_reading_15.wav,child_126_sentence_15.wav,./audio/children/child_057/imitation/child_126_sentence_15.wav,reading_vs_imitation
126,16,child_126_reading_16.wav,./audio/children/child_057/reading/child_126_reading_16.wav,child_126_sentence_16.wav,./audio/children/child_057/imitation/child_126_sentence_16.wav,reading_vs_imitation
126,17,child_126_reading_17.wav,./audio/children/child_057/reading/child_126_reading_17.wav,child_126_sentence_17.wav,./audio/children/child_057/imitation/child_126_sentence_17.wav,reading_vs_imitation
126,18,child_126_reading_18.wav,./audio/children/child_057/reading/child_126_reading_18.wav,child_126_sentence_18.wav,./audio/children/child_057/imitation/child_126_sentence_18.wav,reading_vs_imitation
126,19,child_126_reading_19.wav,./audio/children/child_057/reading/child_126_reading_19.wav,child_126_sentence_19.wav,./audio/children/child_057/imitation/child_126_sentence_19.wav,reading_vs_imitation
126,20,child_126_reading_20.wav,./audio/children/child_057/reading/child_126_reading_20.wav,child_126_sentence_20.wav,./audio/children/child_057/imitation/child_126_sentence_20.wav,reading_vs_imitation
126,21,child_126_reading_21.wav,./audio/children/child_057/reading/child_126_reading_21.wav,child_126_sentence_21.wav,./audio/children/child_057/imitation/child_126_sentence_21.wav,reading_vs_imitation
126,22,child_126_reading_22.wav,./audio/children/child_057/reading/child_126_reading_22.wav,child_126_sentence_22.wav,./audio/children/child_057/imitation/child_126_sentence_22.wav,reading_vs_imitation
126,23,child_126_reading_23.wav,./audio/children/child_057/reading/child_126_reading_23.wav,child_126_sentence_23.wav,./audio/children/child_057/imitation/child_126_sentence_23.wav,reading_vs_imitation
126,24,child_126_reading_24.wav,./audio/children/child_057/reading/child_126_reading_24.wav,child_126_sentence_24.wav,./audio/children/child_057/imitation/child_126_sentence_24.wav,reading_vs_imitation
126,25,child_126_reading_25.wav,./audio/children/child_057/reading/child_126_reading_25.wav,child_126_sentence_25.wav,./audio/children/child_057/imitation/child_126_sentence_25.wav,reading_vs_imitation
126,26,child_126_reading_26.wav,./audio/children/child_057/reading/child_126_reading_26.wav,child_126_sentence_26.wav,./audio/children/child_057/imitation/child_126_sentence_26.wav,reading_vs_imitation
126,27,child_126_reading_27.wav,./audio/children/child_057/reading/child_126_reading_27.wav,child_126_sentence_27.wav,./audio/children/child_057/imitation/child_126_sentence_27.wav,reading_vs_imitation
126,28,child_126_reading_28.wav,./audio/children/child_057/reading/child_126_reading_28.wav,child_126_sentence_28.wav,./audio/children/child_057/imitation/child_126_sentence_28.wav,reading_vs_imitation
126,29,child_126_reading_29.wav,./audio/children/child_057/reading/child_126_reading_29.wav,child_126_sentrence_29.wav,./audio/children/child_057/imitation/child_126_sentrence_29.wav,reading_vs_imitation
127,1,child_127_reading_01.wav,./audio/children/child_058/reading/child_127_reading_01.wav,child_127_sentence_01.wav,./audio/children/child_058/imitation/child_127_sentence_01.wav,reading_vs_imitation
127,2,child_127_reading_02.wav,./audio/children/child_058/reading/child_127_reading_02.wav,child_127_sentence_02.wav,./audio/children/child_058/imitation/child_127_sentence_02.wav,reading_vs_imitation
127,3,child_127_reading_03.wav,./audio/children/child_058/reading/child_127_reading_03.wav,child_127_sentence_03.wav,./audio/children/child_058/imitation/child_127_sentence_03.wav,reading_vs_imitation
127,4,child_127_reading_04.wav,./audio/children/child_058/reading/child_127_reading_04.wav,child_127_sentence_04.wav,./audio/children/child_058/imitation/child_127_sentence_04.wav,reading_vs_imitation
127,5,child_127_reading_05.wav,./audio/children/child_058/reading/child_127_reading_05.wav,child_127_sentence_05.wav,./audio/children/child_058/imitation/child_127_sentence_05.wav,reading_vs_imitation
127,6,child_127_reading_06.wav,./audio/children/child_058/reading/child_127_reading_06.wav,child_127_sentence_06.wav,./audio/children/child_058/imitation/child_127_sentence_06.wav,reading_vs_imitation
127,7,child_127_reading_07.wav,./audio/children/child_058/reading/child_127_reading_07.wav,child_127_sentence_07.wav,./audio/children/child_058/imitation/child_127_sentence_07.wav,reading_vs_imitation
127,8,child_127_reading_08.wav,./audio/children/child_058/reading/child_127_reading_08.wav,child_127_sentence_08.wav,./audio/children/child_058/imitation/child_127_sentence_08.wav,reading_vs_imitation
127,9,child_127_reading_09.wav,./audio/children/child_058/reading/child_127_reading_09.wav,child_127_sentence_09.wav,./audio/children/child_058/imitation/child_127_sentence_09.wav,reading_vs_imitation
127,10,child_127_reading_10.wav,./audio/children/child_058/reading/child_127_reading_10.wav,child_127_sentence_10.wav,./audio/children/child_058/imitation/child_127_sentence_10.wav,reading_vs_imitation
127,11,child_127_reading_11.wav,./audio/children/child_058/reading/child_127_reading_11.wav,child_127_sentence_11.wav,./audio/children/child_058/imitation/child_127_sentence_11.wav,reading_vs_imitation
127,12,child_127_reading_12.wav,./audio/children/child_058/reading/child_127_reading_12.wav,child_127_sentence_12.wav,./audio/children/child_058/imitation/child_127_sentence_12.wav,reading_vs_imitation
127,13,child_127_reading_13.wav,./audio/children/child_058/reading/child_127_reading_13.wav,child_127_sentence_13.wav,./audio/children/child_058/imitation/child_127_sentence_13.wav,reading_vs_imitation
127,14,child_127_reading_14.wav,./audio/children/child_058/reading/child_127_reading_14.wav,child_127_sentence_14.wav,./audio/children/child_058/imitation/child_127_sentence_14.wav,reading_vs_imitation
127,15,child_127_reading_15.wav,./audio/children/child_058/reading/child_127_reading_15.wav,child_127_sentence_15.wav,./audio/children/child_058/imitation/child_127_sentence_15.wav,reading_vs_imitation
127,16,child_127_reading_16.wav,./audio/children/child_058/reading/child_127_reading_16.wav,child_127_sentence_16.wav,./audio/children/child_058/imitation/child_127_sentence_16.wav,reading_vs_imitation
127,17,child_127_reading_17.wav,./audio/children/child_058/reading/child_127_reading_17.wav,child_127_sentence_17.wav,./audio/children/child_058/imitation/child_127_sentence_17.wav,reading_vs_imitation
127,18,child_127_reading_18.wav,./audio/children/child_058/reading/child_127_reading_18.wav,child_127_sentence_18.wav,./audio/children/child_058/imitation/child_127_sentence_18.wav,reading_vs_imitation
127,19,child_127_reading_19.wav,./audio/children/child_058/reading/child_127_reading_19.wav,child_127_sentence_19.wav,./audio/children/child_058/imitation/child_127_sentence_19.wav,reading_vs_imitation
127,20,child_127_reading_20.wav,./audio/children/child_058/reading/child_127_reading_20.wav,child_127_sentence_20.wav,./audio/children/child_058/imitation/child_127_sentence_20.wav,reading_vs_imitation
127,21,child_127_reading_21.wav,./audio/children/child_058/reading/child_127_reading_21.wav,child_127_sentence_21.wav,./audio/children/child_058/imitation/child_127_sentence_21.wav,reading_vs_imitation
127,22,child_127_reading_22.wav,./audio/children/child_058/reading/child_127_reading_22.wav,child_127_sentence_22.wav,./audio/children/child_058/imitation/child_127_sentence_22.wav,reading_vs_imitation
127,23,child_127_reading_23.wav,./audio/children/child_058/reading/child_127_reading_23.wav,child_127_sentence_23.wav,./audio/children/child_058/imitation/child_127_sentence_23.wav,reading_vs_imitation
127,24,child_127_reading_24.wav,./audio/children/child_058/reading/child_127_reading_24.wav,child_127_sentence_24.wav,./audio/children/child_058/imitation/child_127_sentence_24.wav,reading_vs_imitation
127,25,child_127_reading_25.wav,./audio/children/child_058/reading/child_127_reading_25.wav,child_127_sentence_25.wav,./audio/children/child_058/imitation/child_127_sentence_25.wav,reading_vs_imitation
127,26,child_127_reading_26.wav,./audio/children/child_058/reading/child_127_reading_26.wav,child_127_sentence_26.wav,./audio/children/child_058/imitation/child_127_sentence_26.wav,reading_vs_imitation
127,27,child_127_reading_27.wav,./audio/children/child_058/reading/child_127_reading_27.wav,child_127_sentence_27.wav,./audio/children/child_058/imitation/child_127_sentence_27.wav,reading_vs_imitation
127,28,child_127_reading_28.wav,./audio/children/child_058/reading/child_127_reading_28.wav,child_127_sentence_28.wav,./audio/children/child_058/imitation/child_127_sentence_28.wav,reading_vs_imitation
127,29,child_127_reading_29.wav,./audio/children/child_058/reading/child_127_reading_29.wav,child_127_sentence_29.wav,./audio/children/child_058/imitation/child_127_sentence_29.wav,reading_vs_imitation
128,1,child_128_reading_01.wav,./audio/children/child_059/reading/child_128_reading_01.wav,child_128_sentence_01.wav,./audio/children/child_059/imitation/child_128_sentence_01.wav,reading_vs_imitation
128,2,child_128_reading_02.wav,./audio/children/child_059/reading/child_128_reading_02.wav,child_128_sentence_02.wav,./audio/children/child_059/imitation/child_128_sentence_02.wav,reading_vs_imitation
128,3,child_128_reading_03.wav,./audio/children/child_059/reading/child_128_reading_03.wav,child_128_sentence_03.wav,./audio/children/child_059/imitation/child_128_sentence_03.wav,reading_vs_imitation
128,4,child_128_reading_04.wav,./audio/children/child_059/reading/child_128_reading_04.wav,child_128_sentence_04.wav,./audio/children/child_059/imitation/child_128_sentence_04.wav,reading_vs_imitation
128,5,child_128_reading_05.wav,./audio/children/child_059/reading/child_128_reading_05.wav,child_128_sentence_05.wav,./audio/children/child_059/imitation/child_128_sentence_05.wav,reading_vs_imitation
128,6,child_128_reading_06.wav,./audio/children/child_059/reading/child_128_reading_06.wav,child_128_sentence_06.wav,./audio/children/child_059/imitation/child_128_sentence_06.wav,reading_vs_imitation
128,7,child_128_reading_07.wav,./audio/children/child_059/reading/child_128_reading_07.wav,child_128_sentence_07.wav,./audio/children/child_059/imitation/child_128_sentence_07.wav,reading_vs_imitation
128,8,child_128_reading_08.wav,./audio/children/child_059/reading/child_128_reading_08.wav,child_128_sentence_08.wav,./audio/children/child_059/imitation/child_128_sentence_08.wav,reading_vs_imitation
128,9,child_128_reading_09.wav,./audio/children/child_059/reading/child_128_reading_09.wav,child_128_sentence_09.wav,./audio/children/child_059/imitation/child_128_sentence_09.wav,reading_vs_imitation
128,10,child_128_reading_10.wav,./audio/children/child_059/reading/child_128_reading_10.wav,child_128_sentence_10.wav,./audio/children/child_059/imitation/child_128_sentence_10.wav,reading_vs_imitation
128,11,child_128_reading_11.wav,./audio/children/child_059/reading/child_128_reading_11.wav,child_128_sentence_11.wav,./audio/children/child_059/imitation/child_128_sentence_11.wav,reading_vs_imitation
128,12,child_128_reading_12.wav,./audio/children/child_059/reading/child_128_reading_12.wav,child_128_sentence_12.wav,./audio/children/child_059/imitation/child_128_sentence_12.wav,reading_vs_imitation
128,13,child_128_reading_13.wav,./audio/children/child_059/reading/child_128_reading_13.wav,child_128_sentence_13.wav,./audio/children/child_059/imitation/child_128_sentence_13.wav,reading_vs_imitation
128,14,child_128_reading_14.wav,./audio/children/child_059/reading/child_128_reading_14.wav,child_128_sentence_14.wav,./audio/children/child_059/imitation/child_128_sentence_14.wav,reading_vs_imitation
128,15,child_128_reading_15.wav,./audio/children/child_059/reading/child_128_reading_15.wav,child_128_sentence_15.wav,./audio/children/child_059/imitation/child_128_sentence_15.wav,reading_vs_imitation
128,16,child_128_reading_16.wav,./audio/children/child_059/reading/child_128_reading_16.wav,child_128_sentence_16.wav,./audio/children/child_059/imitation/child_128_sentence_16.wav,reading_vs_imitation
128,17,child_128_reading_17.wav,./audio/children/child_059/reading/child_128_reading_17.wav,child_128_sentence_17.wav,./audio/children/child_059/imitation/child_128_sentence_17.wav,reading_vs_imitation
128,18,child_128_reading_18.wav,./audio/children/child_059/reading/child_128_reading_18.wav,child_128_sentence_18.wav,./audio/children/child_059/imitation/child_128_sentence_18.wav,reading_vs_imitation
128,19,child_128_reading_19.wav,./audio/children/child_059/reading/child_128_reading_19.wav,child_128_sentence_19.wav,./audio/children/child_059/imitation/child_128_sentence_19.wav,reading_vs_imitation
128,20,child_128_reading_20.wav,./audio/children/child_059/reading/child_128_reading_20.wav,child_128_sentence_20.wav,./audio/children/child_059/imitation/child_128_sentence_20.wav,reading_vs_imitation
128,21,child_128_reading_21.wav,./audio/children/child_059/reading/child_128_reading_21.wav,child_128_sentence_21.wav,./audio/children/child_059/imitation/child_128_sentence_21.wav,reading_vs_imitation
128,22,child_128_reading_22.wav,./audio/children/child_059/reading/child_128_reading_22.wav,child_128_sentence_22.wav,./audio/children/child_059/imitation/child_128_sentence_22.wav,reading_vs_imitation
128,23,child_128_reading_23.wav,./audio/children/child_059/reading/child_128_reading_23.wav,child_128_sentence_23.wav,./audio/children/child_059/imitation/child_128_sentence_23.wav,reading_vs_imitation
128,24,child_128_reading_24.wav,./audio/children/child_059/reading/child_128_reading_24.wav,child_128_sentence_24.wav,./audio/children/child_059/imitation/child_128_sentence_24.wav,reading_vs_imitation
128,25,child_128_reading_25.wav,./audio/children/child_059/reading/child_128_reading_25.wav,child_128_sentence_25.wav,./audio/children/child_059/imitation/child_128_sentence_25.wav,reading_vs_imitation
128,26,child_128_reading_26.wav,./audio/children/child_059/reading/child_128_reading_26.wav,child_128_sentence_26.wav,./audio/children/child_059/imitation/child_128_sentence_26.wav,reading_vs_imitation
128,27,child_128_reading_27.wav,./audio/children/child_059/reading/child_128_reading_27.wav,child_128_sentence_27.wav,./audio/children/child_059/imitation/child_128_sentence_27.wav,reading_vs_imitation
128,28,child_128_reading_28.wav,./audio/children/child_059/reading/child_128_reading_28.wav,child_128_sentence_28.wav,./audio/children/child_059/imitation/child_128_sentence_28.wav,reading_vs_imitation
128,29,child_128_reading_29.wav,./audio/children/child_059/reading/child_128_reading_29.wav,child_128_sentence_29.wav,./audio/children/child_059/imitation/child_128_sentence_29.wav,reading_vs_imitation
129,1,child_129_reading_01.wav,./audio/children/child_060/reading/child_129_reading_01.wav,child_129_sentence_01.wav,./audio/children/child_060/imitation/child_129_sentence_01.wav,reading_vs_imitation
129,2,child_129_reading_02.wav,./audio/children/child_060/reading/child_129_reading_02.wav,child_129_sentence_02.wav,./audio/children/child_060/imitation/child_129_sentence_02.wav,reading_vs_imitation
129,3,child_129_reading_03.wav,./audio/children/child_060/reading/child_129_reading_03.wav,child_129_sentence_03.wav,./audio/children/child_060/imitation/child_129_sentence_03.wav,reading_vs_imitation
129,4,child_129_reading_04.wav,./audio/children/child_060/reading/child_129_reading_04.wav,child_129_sentence_04.wav,./audio/children/child_060/imitation/child_129_sentence_04.wav,reading_vs_imitation
129,5,child_129_reading_05.wav,./audio/children/child_060/reading/child_129_reading_05.wav,child_129_sentence_05.wav,./audio/children/child_060/imitation/child_129_sentence_05.wav,reading_vs_imitation
129,6,child_129_reading_06.wav,./audio/children/child_060/reading/child_129_reading_06.wav,child_129_sentence_06.wav,./audio/children/child_060/imitation/child_129_sentence_06.wav,reading_vs_imitation
129,7,child_129_reading_07.wav,./audio/children/child_060/reading/child_129_reading_07.wav,child_129_sentence_07.wav,./audio/children/child_060/imitation/child_129_sentence_07.wav,reading_vs_imitation
129,8,child_129_reading_08.wav,./audio/children/child_060/reading/child_129_reading_08.wav,child_129_sentence_08.wav,./audio/children/child_060/imitation/child_129_sentence_08.wav,reading_vs_imitation
129,9,child_129_reading_09.wav,./audio/children/child_060/reading/child_129_reading_09.wav,child_129_sentence_09.wav,./audio/children/child_060/imitation/child_129_sentence_09.wav,reading_vs_imitation
129,10,child_129_reading_10.wav,./audio/children/child_060/reading/child_129_reading_10.wav,child_129_sentence_10.wav,./audio/children/child_060/imitation/child_129_sentence_10.wav,reading_vs_imitation
129,11,child_129_reading_11.wav,./audio/children/child_060/reading/child_129_reading_11.wav,child_129_sentence_11.wav,./audio/children/child_060/imitation/child_129_sentence_11.wav,reading_vs_imitation
129,12,child_129_reading_12.wav,./audio/children/child_060/reading/child_129_reading_12.wav,child_129_sentence_12.wav,./audio/children/child_060/imitation/child_129_sentence_12.wav,reading_vs_imitation
129,13,child_129_reading_13.wav,./audio/children/child_060/reading/child_129_reading_13.wav,child_129_sentence_13.wav,./audio/children/child_060/imitation/child_129_sentence_13.wav,reading_vs_imitation
129,14,child_129_reading_14.wav,./audio/children/child_060/reading/child_129_reading_14.wav,child_129_sentence_14.wav,./audio/children/child_060/imitation/child_129_sentence_14.wav,reading_vs_imitation
129,15,child_129_reading_15.wav,./audio/children/child_060/reading/child_129_reading_15.wav,child_129_sentence_15.wav,./audio/children/child_060/imitation/child_129_sentence_15.wav,reading_vs_imitation
129,16,child_129_reading_16.wav,./audio/children/child_060/reading/child_129_reading_16.wav,child_129_sentence_16.wav,./audio/children/child_060/imitation/child_129_sentence_16.wav,reading_vs_imitation
129,17,child_129_reading_17.wav,./audio/children/child_060/reading/child_129_reading_17.wav,child_129_sentence_17.wav,./audio/children/child_060/imitation/child_129_sentence_17.wav,reading_vs_imitation
129,18,child_129_reading_18.wav,./audio/children/child_060/reading/child_129_reading_18.wav,child_129_sentence_18.wav,./audio/children/child_060/imitation/child_129_sentence_18.wav,reading_vs_imitation
129,19,child_129_reading_19.wav,./audio/children/child_060/reading/child_129_reading_19.wav,child_129_sentence_19.wav,./audio/children/child_060/imitation/child_129_sentence_19.wav,reading_vs_imitation
129,20,child_129_reading_20.wav,./audio/children/child_060/reading/child_129_reading_20.wav,child_129_sentence_20.wav,./audio/children/child_060/imitation/child_129_sentence_20.wav,reading_vs_imitation
129,21,child_129_reading_21.wav,./audio/children/child_060/reading/child_129_reading_21.wav,child_129_sentence_21.wav,./audio/children/child_060/imitation/child_129_sentence_21.wav,reading_vs_imitation
129,22,child_129_reading_22.wav,./audio/children/child_060/reading/child_129_reading_22.wav,child_129_sentence_22.wav,./audio/children/child_060/imitation/child_129_sentence_22.wav,reading_vs_imitation
129,23,child_129_reading_23.wav,./audio/children/child_060/reading/child_129_reading_23.wav,child_129_sentence_23.wav,./audio/children/child_060/imitation/child_129_sentence_23.wav,reading_vs_imitation
129,24,child_129_reading_24.wav,./audio/children/child_060/reading/child_129_reading_24.wav,child_129_sentence_24.wav,./audio/children/child_060/imitation/child_129_sentence_24.wav,reading_vs_imitation
129,25,child_129_reading_25.wav,./audio/children/child_060/reading/child_129_reading_25.wav,child_129_sentence_25.wav,./audio/children/child_060/imitation/child_129_sentence_25.wav,reading_vs_imitation
129,26,child_129_reading_26.wav,./audio/children/child_060/reading/child_129_reading_26.wav,child_129_sentence_26.wav,./audio/children/child_060/imitation/child_129_sentence_26.wav,reading_vs_imitation
129,27,child_129_reading_27.wav,./audio/children/child_060/reading/child_129_reading_27.wav,child_129_sentence_27.wav,./audio/children/child_060/imitation/child_129_sentence_27.wav,reading_vs_imitation
129,28,child_129_reading_28.wav,./audio/children/child_060/reading/child_129_reading_28.wav,child_129_sentence_28.wav,./audio/children/child_060/imitation/child_129_sentence_28.wav,reading_vs_imitation
129,29,child_129_reading_29.wav,./audio/children/child_060/reading/child_129_reading_29.wav,child_129_sentence_29.wav,./audio/children/child_060/imitation/child_129_sentence_29.wav,reading_vs_imitation
